{"type":"FeatureCollection","features":[{"type":"Feature","id":12,"geometry":{"type":"LineString","coordinates":[[80.227918365116707,6.031446131053495],[80.227918386772828,6.0314461545874298]]},"properties":{"OBJECTID":12,"FID_Polyline":406,"Entity":"Insert","Handle":"6B6","Layer":"boundry","LyrFrzn":0,"LyrLock":0,"LyrOn":1,"LyrVPFrzn":0,"LyrHandle":"278","Color":141,"EntColor":141,"LyrColor":7,"BlkColor":141,"Linetype":"Continuous","EntLinetype":"ByLayer","LyrLnType":"Continuous","BlkLinetype":"ByLayer","LTScale":1,"Elevation":0,"Thickness":0,"LineWt":13,"EntLineWt":-1,"LyrLineWt":13,"BlkLineWt":-1,"RefName":"1","ExtX":0,"ExtY":0,"ExtZ":1,"DocName":"Boundary_1.dwg","DocPath":"C:\\Users\\mrds\\Desktop\\Boundary_1.dwg","DocType":"DWG","DocVer":"AC1032","DocUpdate":1747669918000,"DocId":1.1734703500953825e+19,"GlobalWidth":null,"Shape_Length":0.0035383604560085295}},{"type":"Feature","id":17,"geometry":{"type":"LineString","coordinates":[[80.230437289395624,6.0314268205272397],[80.230446405610678,6.0313638208323397],[80.231583603921521,6.0315745778540117]]},"properties":{"OBJECTID":17,"FID_Polyline":3,"Entity":"2DPolyline","Handle":"3FC","Layer":"boundry","LyrFrzn":0,"LyrLock":0,"LyrOn":1,"LyrVPFrzn":0,"LyrHandle":"278","Color":141,"EntColor":141,"LyrColor":7,"BlkColor":0,"Linetype":"1","EntLinetype":"1","LyrLnType":"Continuous","BlkLinetype":"","LTScale":1,"Elevation":0,"Thickness":0,"LineWt":100,"EntLineWt":100,"LyrLineWt":13,"BlkLineWt":-1,"RefName":"","ExtX":0,"ExtY":0,"ExtZ":1,"DocName":"Boundary_1.dwg","DocPath":"C:\\Users\\mrds\\Desktop\\Boundary_1.dwg","DocType":"DWG","DocVer":"AC1032","DocUpdate":1747669918000,"DocId":1.1734703500953825e+19,"GlobalWidth":null,"Shape_Length":135.06873083295076}},{"type":"Feature","id":18,"geometry":{"type":"LineString","coordinates":[[80.230437289395624,6.0314268205272397],[80.230446405610678,6.0313638208323397],[80.231583603921521,6.0315745778540117]]},"properties":{"OBJECTID":18,"FID_Polyline":361,"Entity":"2DPolyline","Handle":"5C6","Layer":"boundry","LyrFrzn":0,"LyrLock":0,"LyrOn":1,"LyrVPFrzn":0,"LyrHandle":"278","Color":141,"EntColor":141,"LyrColor":7,"BlkColor":0,"Linetype":"1","EntLinetype":"1","LyrLnType":"Continuous","BlkLinetype":"","LTScale":1,"Elevation":0,"Thickness":0,"LineWt":100,"EntLineWt":100,"LyrLineWt":13,"BlkLineWt":-1,"RefName":"","ExtX":0,"ExtY":0,"ExtZ":1,"DocName":"Boundary_1.dwg","DocPath":"C:\\Users\\mrds\\Desktop\\Boundary_1.dwg","DocType":"DWG","DocVer":"AC1032","DocUpdate":1747669918000,"DocId":1.1734703500953825e+19,"GlobalWidth":null,"Shape_Length":135.06873083295076}},{"type":"Feature","id":19,"geometry":{"type":"LineString","coordinates":[[80.231583603921521,6.0315745778540117],[80.231583963749245,6.0315742734612057]]},"properties":{"OBJECTID":19,"FID_Polyline":4,"Entity":"2DPolyline","Handle":"401","Layer":"boundry","LyrFrzn":0,"LyrLock":0,"LyrOn":1,"LyrVPFrzn":0,"LyrHandle":"278","Color":141,"EntColor":141,"LyrColor":7,"BlkColor":0,"Linetype":"1","EntLinetype":"1","LyrLnType":"Continuous","BlkLinetype":"","LTScale":1,"Elevation":0,"Thickness":0,"LineWt":100,"EntLineWt":100,"LyrLineWt":13,"BlkLineWt":-1,"RefName":"","ExtX":0,"ExtY":0,"ExtZ":1,"DocName":"Boundary_1.dwg","DocPath":"C:\\Users\\mrds\\Desktop\\Boundary_1.dwg","DocType":"DWG","DocVer":"AC1032","DocUpdate":1747669918000,"DocId":1.1734703500953825e+19,"GlobalWidth":null,"Shape_Length":0.052151031277944841}},{"type":"Feature","id":20,"geometry":{"type":"LineString","coordinates":[[80.231583603921521,6.0315745778540117],[80.231583963749245,6.0315742734612057]]},"properties":{"OBJECTID":20,"FID_Polyline":362,"Entity":"2DPolyline","Handle":"5CB","Layer":"boundry","LyrFrzn":0,"LyrLock":0,"LyrOn":1,"LyrVPFrzn":0,"LyrHandle":"278","Color":141,"EntColor":141,"LyrColor":7,"BlkColor":0,"Linetype":"1","EntLinetype":"1","LyrLnType":"Continuous","BlkLinetype":"","LTScale":1,"Elevation":0,"Thickness":0,"LineWt":100,"EntLineWt":100,"LyrLineWt":13,"BlkLineWt":-1,"RefName":"","ExtX":0,"ExtY":0,"ExtZ":1,"DocName":"Boundary_1.dwg","DocPath":"C:\\Users\\mrds\\Desktop\\Boundary_1.dwg","DocType":"DWG","DocVer":"AC1032","DocUpdate":1747669918000,"DocId":1.1734703500953825e+19,"GlobalWidth":null,"Shape_Length":0.052151031277944841}},{"type":"Feature","id":21,"geometry":{"type":"LineString","coordinates":[[80.231583603921521,6.0315745778540117],[80.231594243123411,6.0315765499632814]]},"properties":{"OBJECTID":21,"FID_Polyline":3,"Entity":"2DPolyline","Handle":"3FC","Layer":"boundry","LyrFrzn":0,"LyrLock":0,"LyrOn":1,"LyrVPFrzn":0,"LyrHandle":"278","Color":141,"EntColor":141,"LyrColor":7,"BlkColor":0,"Linetype":"1","EntLinetype":"1","LyrLnType":"Continuous","BlkLinetype":"","LTScale":1,"Elevation":0,"Thickness":0,"LineWt":100,"EntLineWt":100,"LyrLineWt":13,"BlkLineWt":-1,"RefName":"","ExtX":0,"ExtY":0,"ExtZ":1,"DocName":"Boundary_1.dwg","DocPath":"C:\\Users\\mrds\\Desktop\\Boundary_1.dwg","DocType":"DWG","DocVer":"AC1032","DocUpdate":1747669918000,"DocId":1.1734703500953825e+19,"GlobalWidth":null,"Shape_Length":1.197801991175061}},{"type":"Feature","id":22,"geometry":{"type":"LineString","coordinates":[[80.231583603921521,6.0315745778540117],[80.231594243123411,6.0315765499632814]]},"properties":{"OBJECTID":22,"FID_Polyline":361,"Entity":"2DPolyline","Handle":"5C6","Layer":"boundry","LyrFrzn":0,"LyrLock":0,"LyrOn":1,"LyrVPFrzn":0,"LyrHandle":"278","Color":141,"EntColor":141,"LyrColor":7,"BlkColor":0,"Linetype":"1","EntLinetype":"1","LyrLnType":"Continuous","BlkLinetype":"","LTScale":1,"Elevation":0,"Thickness":0,"LineWt":100,"EntLineWt":100,"LyrLineWt":13,"BlkLineWt":-1,"RefName":"","ExtX":0,"ExtY":0,"ExtZ":1,"DocName":"Boundary_1.dwg","DocPath":"C:\\Users\\mrds\\Desktop\\Boundary_1.dwg","DocType":"DWG","DocVer":"AC1032","DocUpdate":1747669918000,"DocId":1.1734703500953825e+19,"GlobalWidth":null,"Shape_Length":1.197801991175061}},{"type":"Feature","id":27,"geometry":{"type":"LineString","coordinates":[[80.231934418067709,6.0317061185976426],[80.231946747939261,6.03164333188057]]},"properties":{"OBJECTID":27,"FID_Polyline":6,"Entity":"Line","Handle":"40C","Layer":"boundry","LyrFrzn":0,"LyrLock":0,"LyrOn":1,"LyrVPFrzn":0,"LyrHandle":"278","Color":141,"EntColor":141,"LyrColor":7,"BlkColor":0,"Linetype":"1","EntLinetype":"1","LyrLnType":"Continuous","BlkLinetype":"","LTScale":1,"Elevation":0,"Thickness":0,"LineWt":100,"EntLineWt":100,"LyrLineWt":13,"BlkLineWt":-1,"RefName":"","ExtX":0,"ExtY":0,"ExtZ":1,"DocName":"Boundary_1.dwg","DocPath":"C:\\Users\\mrds\\Desktop\\Boundary_1.dwg","DocType":"DWG","DocVer":"AC1032","DocUpdate":1747669918000,"DocId":1.1734703500953825e+19,"GlobalWidth":null,"Shape_Length":7.0759349454644882}},{"type":"Feature","id":28,"geometry":{"type":"LineString","coordinates":[[80.231946747939261,6.03164333188057],[80.2325442974699,6.0317577536516467],[80.232531931643564,6.0318149933001415],[80.2325069792237,6.0318103147584603]]},"properties":{"OBJECTID":28,"FID_Polyline":5,"Entity":"2DPolyline","Handle":"406","Layer":"boundry","LyrFrzn":0,"LyrLock":0,"LyrOn":1,"LyrVPFrzn":0,"LyrHandle":"278","Color":141,"EntColor":141,"LyrColor":7,"BlkColor":0,"Linetype":"1","EntLinetype":"1","LyrLnType":"Continuous","BlkLinetype":"","LTScale":1,"Elevation":0,"Thickness":0,"LineWt":100,"EntLineWt":100,"LyrLineWt":13,"BlkLineWt":-1,"RefName":"","ExtX":0,"ExtY":0,"ExtZ":1,"DocName":"Boundary_1.dwg","DocPath":"C:\\Users\\mrds\\Desktop\\Boundary_1.dwg","DocType":"DWG","DocVer":"AC1032","DocUpdate":1747669918000,"DocId":1.1734703500953825e+19,"GlobalWidth":null,"Shape_Length":76.63550827299855}},{"type":"Feature","id":29,"geometry":{"type":"LineString","coordinates":[[80.231946747939261,6.03164333188057],[80.2325442974699,6.0317577536516467],[80.232531931643564,6.0318149933001415],[80.2325069792237,6.0318103147584603]]},"properties":{"OBJECTID":29,"FID_Polyline":363,"Entity":"2DPolyline","Handle":"5D0","Layer":"boundry","LyrFrzn":0,"LyrLock":0,"LyrOn":1,"LyrVPFrzn":0,"LyrHandle":"278","Color":141,"EntColor":141,"LyrColor":7,"BlkColor":0,"Linetype":"1","EntLinetype":"1","LyrLnType":"Continuous","BlkLinetype":"","LTScale":1,"Elevation":0,"Thickness":0,"LineWt":100,"EntLineWt":100,"LyrLineWt":13,"BlkLineWt":-1,"RefName":"","ExtX":0,"ExtY":0,"ExtZ":1,"DocName":"Boundary_1.dwg","DocPath":"C:\\Users\\mrds\\Desktop\\Boundary_1.dwg","DocType":"DWG","DocVer":"AC1032","DocUpdate":1747669918000,"DocId":1.1734703500953825e+19,"GlobalWidth":null,"Shape_Length":76.63550827299855}},{"type":"Feature","id":30,"geometry":{"type":"LineString","coordinates":[[80.234022278859086,6.0320943929782596],[80.234022300515505,6.0320944165119759]]},"properties":{"OBJECTID":30,"FID_Polyline":370,"Entity":"Insert","Handle":"5E4","Layer":"boundry","LyrFrzn":0,"LyrLock":0,"LyrOn":1,"LyrVPFrzn":0,"LyrHandle":"278","Color":141,"EntColor":141,"LyrColor":7,"BlkColor":141,"Linetype":"Continuous","EntLinetype":"ByLayer","LyrLnType":"Continuous","BlkLinetype":"ByLayer","LTScale":1,"Elevation":0,"Thickness":0,"LineWt":100,"EntLineWt":100,"LyrLineWt":13,"BlkLineWt":100,"RefName":"1","ExtX":0,"ExtY":0,"ExtZ":1,"DocName":"Boundary_1.dwg","DocPath":"C:\\Users\\mrds\\Desktop\\Boundary_1.dwg","DocType":"DWG","DocVer":"AC1032","DocUpdate":1747669918000,"DocId":1.1734703500953825e+19,"GlobalWidth":null,"Shape_Length":0.003538361087706208}},{"type":"Feature","id":31,"geometry":{"type":"LineString","coordinates":[[80.234022278859086,6.0320943929782596],[80.234060097582102,6.0320997878375513]]},"properties":{"OBJECTID":31,"FID_Polyline":364,"Entity":"2DPolyline","Handle":"5D6","Layer":"boundry","LyrFrzn":0,"LyrLock":0,"LyrOn":1,"LyrVPFrzn":0,"LyrHandle":"278","Color":141,"EntColor":141,"LyrColor":7,"BlkColor":0,"Linetype":"1","EntLinetype":"1","LyrLnType":"Continuous","BlkLinetype":"","LTScale":1,"Elevation":0,"Thickness":0,"LineWt":100,"EntLineWt":100,"LyrLineWt":13,"BlkLineWt":-1,"RefName":"","ExtX":0,"ExtY":0,"ExtZ":1,"DocName":"Boundary_1.dwg","DocPath":"C:\\Users\\mrds\\Desktop\\Boundary_1.dwg","DocType":"DWG","DocVer":"AC1032","DocUpdate":1747669918000,"DocId":1.1734703500953825e+19,"GlobalWidth":null,"Shape_Length":4.2288983912686477}},{"type":"Feature","id":32,"geometry":{"type":"LineString","coordinates":[[80.234060097582102,6.0320997878375513],[80.234060121045161,6.0320998113730893]]},"properties":{"OBJECTID":32,"FID_Polyline":369,"Entity":"Insert","Handle":"5E3","Layer":"boundry","LyrFrzn":0,"LyrLock":0,"LyrOn":1,"LyrVPFrzn":0,"LyrHandle":"278","Color":141,"EntColor":141,"LyrColor":7,"BlkColor":141,"Linetype":"Continuous","EntLinetype":"ByLayer","LyrLnType":"Continuous","BlkLinetype":"ByLayer","LTScale":1,"Elevation":0,"Thickness":0,"LineWt":100,"EntLineWt":100,"LyrLineWt":13,"BlkLineWt":100,"RefName":"1","ExtX":0,"ExtY":0,"ExtZ":1,"DocName":"Boundary_1.dwg","DocPath":"C:\\Users\\mrds\\Desktop\\Boundary_1.dwg","DocType":"DWG","DocVer":"AC1032","DocUpdate":1747669918000,"DocId":1.1734703500953825e+19,"GlobalWidth":null,"Shape_Length":0.0036769556014524135}},{"type":"Feature","id":33,"geometry":{"type":"LineString","coordinates":[[80.234002286103305,6.0321128825096437],[80.234022278859086,6.0320943929782596]]},"properties":{"OBJECTID":33,"FID_Polyline":364,"Entity":"2DPolyline","Handle":"5D6","Layer":"boundry","LyrFrzn":0,"LyrLock":0,"LyrOn":1,"LyrVPFrzn":0,"LyrHandle":"278","Color":141,"EntColor":141,"LyrColor":7,"BlkColor":0,"Linetype":"1","EntLinetype":"1","LyrLnType":"Continuous","BlkLinetype":"","LTScale":1,"Elevation":0,"Thickness":0,"LineWt":100,"EntLineWt":100,"LyrLineWt":13,"BlkLineWt":-1,"RefName":"","ExtX":0,"ExtY":0,"ExtZ":1,"DocName":"Boundary_1.dwg","DocPath":"C:\\Users\\mrds\\Desktop\\Boundary_1.dwg","DocType":"DWG","DocVer":"AC1032","DocUpdate":1747669918000,"DocId":1.1734703500953825e+19,"GlobalWidth":null,"Shape_Length":3.0131039944690627}},{"type":"Feature","id":34,"geometry":{"type":"LineString","coordinates":[[80.234002286103305,6.0321128825096437],[80.23400230775971,6.0321129060433618]]},"properties":{"OBJECTID":34,"FID_Polyline":371,"Entity":"Insert","Handle":"5E5","Layer":"boundry","LyrFrzn":0,"LyrLock":0,"LyrOn":1,"LyrVPFrzn":0,"LyrHandle":"278","Color":141,"EntColor":141,"LyrColor":7,"BlkColor":141,"Linetype":"Continuous","EntLinetype":"ByLayer","LyrLnType":"Continuous","BlkLinetype":"ByLayer","LTScale":1,"Elevation":0,"Thickness":0,"LineWt":100,"EntLineWt":100,"LyrLineWt":13,"BlkLineWt":100,"RefName":"1","ExtX":0,"ExtY":0,"ExtZ":1,"DocName":"Boundary_1.dwg","DocPath":"C:\\Users\\mrds\\Desktop\\Boundary_1.dwg","DocType":"DWG","DocVer":"AC1032","DocUpdate":1747669918000,"DocId":1.1734703500953825e+19,"GlobalWidth":null,"Shape_Length":0.0035383604560085295}},{"type":"Feature","id":36,"geometry":{"type":"LineString","coordinates":[[80.235220779471163,6.0321587783783333],[80.235190344626375,6.0321096059337789],[80.235247351513564,6.0321207857027215]]},"properties":{"OBJECTID":36,"FID_Polyline":29,"Entity":"LWPolyline","Handle":"423","Layer":"boundry","LyrFrzn":0,"LyrLock":0,"LyrOn":1,"LyrVPFrzn":0,"LyrHandle":"278","Color":141,"EntColor":141,"LyrColor":7,"BlkColor":0,"Linetype":"Continuous","EntLinetype":"Continuous","LyrLnType":"Continuous","BlkLinetype":"","LTScale":1,"Elevation":0,"Thickness":0,"LineWt":100,"EntLineWt":100,"LyrLineWt":13,"BlkLineWt":-1,"RefName":"","ExtX":0,"ExtY":0,"ExtZ":1,"DocName":"Boundary_1.dwg","DocPath":"C:\\Users\\mrds\\Desktop\\Boundary_1.dwg","DocType":"DWG","DocVer":"AC1032","DocUpdate":1747669918000,"DocId":1.1734703500953825e+19,"GlobalWidth":0,"Shape_Length":12.827480012144562}},{"type":"Feature","id":37,"geometry":{"type":"LineString","coordinates":[[80.234060097582102,6.0320997878375513],[80.234269855366946,6.0321652557668068]]},"properties":{"OBJECTID":37,"FID_Polyline":366,"Entity":"Line","Handle":"5E0","Layer":"boundry","LyrFrzn":0,"LyrLock":0,"LyrOn":1,"LyrVPFrzn":0,"LyrHandle":"278","Color":141,"EntColor":141,"LyrColor":7,"BlkColor":0,"Linetype":"1","EntLinetype":"1","LyrLnType":"Continuous","BlkLinetype":"","LTScale":1,"Elevation":0,"Thickness":0,"LineWt":100,"EntLineWt":100,"LyrLineWt":13,"BlkLineWt":-1,"RefName":"","ExtX":0,"ExtY":0,"ExtZ":1,"DocName":"Boundary_1.dwg","DocPath":"C:\\Users\\mrds\\Desktop\\Boundary_1.dwg","DocType":"DWG","DocVer":"AC1032","DocUpdate":1747669918000,"DocId":1.1734703500953825e+19,"GlobalWidth":null,"Shape_Length":24.322975183873933}},{"type":"Feature","id":38,"geometry":{"type":"LineString","coordinates":[[80.234269855366946,6.0321652557668068],[80.234269878832734,6.032165276589379]]},"properties":{"OBJECTID":38,"FID_Polyline":365,"Entity":"2DPolyline","Handle":"5DB","Layer":"boundry","LyrFrzn":0,"LyrLock":0,"LyrOn":1,"LyrVPFrzn":0,"LyrHandle":"278","Color":141,"EntColor":141,"LyrColor":7,"BlkColor":0,"Linetype":"1","EntLinetype":"1","LyrLnType":"Continuous","BlkLinetype":"","LTScale":1,"Elevation":0,"Thickness":0,"LineWt":100,"EntLineWt":100,"LyrLineWt":13,"BlkLineWt":-1,"RefName":"","ExtX":0,"ExtY":0,"ExtZ":1,"DocName":"Boundary_1.dwg","DocPath":"C:\\Users\\mrds\\Desktop\\Boundary_1.dwg","DocType":"DWG","DocVer":"AC1032","DocUpdate":1747669918000,"DocId":1.1734703500953825e+19,"GlobalWidth":null,"Shape_Length":0.0034713110507806903}},{"type":"Feature","id":39,"geometry":{"type":"LineString","coordinates":[[80.234269855366946,6.0321652557668068],[80.234269878832734,6.032165276589379]]},"properties":{"OBJECTID":39,"FID_Polyline":368,"Entity":"Insert","Handle":"5E2","Layer":"boundry","LyrFrzn":0,"LyrLock":0,"LyrOn":1,"LyrVPFrzn":0,"LyrHandle":"278","Color":141,"EntColor":141,"LyrColor":7,"BlkColor":141,"Linetype":"Continuous","EntLinetype":"ByLayer","LyrLnType":"Continuous","BlkLinetype":"ByLayer","LTScale":1,"Elevation":0,"Thickness":0,"LineWt":100,"EntLineWt":100,"LyrLineWt":13,"BlkLineWt":100,"RefName":"1","ExtX":0,"ExtY":0,"ExtZ":1,"DocName":"Boundary_1.dwg","DocPath":"C:\\Users\\mrds\\Desktop\\Boundary_1.dwg","DocType":"DWG","DocVer":"AC1032","DocUpdate":1747669918000,"DocId":1.1734703500953825e+19,"GlobalWidth":null,"Shape_Length":0.0034713110507806903}},{"type":"Feature","id":40,"geometry":{"type":"LineString","coordinates":[[80.235104100328428,6.0321879131658518],[80.235220779471163,6.0321587783783333]]},"properties":{"OBJECTID":40,"FID_Polyline":42,"Entity":"Line","Handle":"430","Layer":"boundry","LyrFrzn":0,"LyrLock":0,"LyrOn":1,"LyrVPFrzn":0,"LyrHandle":"278","Color":141,"EntColor":141,"LyrColor":7,"BlkColor":0,"Linetype":"A_CONTINUOUS_LINE","EntLinetype":"A_CONTINUOUS_LINE","LyrLnType":"Continuous","BlkLinetype":"","LTScale":1,"Elevation":0,"Thickness":0,"LineWt":100,"EntLineWt":100,"LyrLineWt":13,"BlkLineWt":-1,"RefName":"","ExtX":0,"ExtY":0,"ExtZ":1,"DocName":"Boundary_1.dwg","DocPath":"C:\\Users\\mrds\\Desktop\\Boundary_1.dwg","DocType":"DWG","DocVer":"AC1032","DocUpdate":1747669918000,"DocId":1.1734703500953825e+19,"GlobalWidth":null,"Shape_Length":13.31234527495209}},{"type":"Feature","id":47,"geometry":{"type":"LineString","coordinates":[[80.234269878832734,6.032165276589379],[80.23429314581999,6.0321825332651349],[80.234295564539721,6.0322228888153662]]},"properties":{"OBJECTID":47,"FID_Polyline":365,"Entity":"2DPolyline","Handle":"5DB","Layer":"boundry","LyrFrzn":0,"LyrLock":0,"LyrOn":1,"LyrVPFrzn":0,"LyrHandle":"278","Color":141,"EntColor":141,"LyrColor":7,"BlkColor":0,"Linetype":"1","EntLinetype":"1","LyrLnType":"Continuous","BlkLinetype":"","LTScale":1,"Elevation":0,"Thickness":0,"LineWt":100,"EntLineWt":100,"LyrLineWt":13,"BlkLineWt":-1,"RefName":"","ExtX":0,"ExtY":0,"ExtZ":1,"DocName":"Boundary_1.dwg","DocPath":"C:\\Users\\mrds\\Desktop\\Boundary_1.dwg","DocType":"DWG","DocVer":"AC1032","DocUpdate":1747669918000,"DocId":1.1734703500953825e+19,"GlobalWidth":null,"Shape_Length":7.6761698750119631}},{"type":"Feature","id":48,"geometry":{"type":"LineString","coordinates":[[80.234295564539721,6.0322228888153662],[80.234295586197049,6.0322229114447783]]},"properties":{"OBJECTID":48,"FID_Polyline":367,"Entity":"Insert","Handle":"5E1","Layer":"boundry","LyrFrzn":0,"LyrLock":0,"LyrOn":1,"LyrVPFrzn":0,"LyrHandle":"278","Color":141,"EntColor":141,"LyrColor":7,"BlkColor":141,"Linetype":"Continuous","EntLinetype":"ByLayer","LyrLnType":"Continuous","BlkLinetype":"ByLayer","LTScale":1,"Elevation":0,"Thickness":0,"LineWt":100,"EntLineWt":100,"LyrLineWt":13,"BlkLineWt":100,"RefName":"1","ExtX":0,"ExtY":0,"ExtZ":1,"DocName":"Boundary_1.dwg","DocPath":"C:\\Users\\mrds\\Desktop\\Boundary_1.dwg","DocType":"DWG","DocVer":"AC1032","DocUpdate":1747669918000,"DocId":1.1734703500953825e+19,"GlobalWidth":null,"Shape_Length":0.0034655454141478107}},{"type":"Feature","id":74,"geometry":{"type":"LineString","coordinates":[[80.234669142649437,6.032468225764914],[80.235029547407123,6.0325949017433134]]},"properties":{"OBJECTID":74,"FID_Polyline":14,"Entity":"Line","Handle":"414","Layer":"boundry","LyrFrzn":0,"LyrLock":0,"LyrOn":1,"LyrVPFrzn":0,"LyrHandle":"278","Color":141,"EntColor":141,"LyrColor":7,"BlkColor":0,"Linetype":"A_CONTINUOUS_LINE","EntLinetype":"A_CONTINUOUS_LINE","LyrLnType":"Continuous","BlkLinetype":"","LTScale":1,"Elevation":0,"Thickness":0,"LineWt":100,"EntLineWt":100,"LyrLineWt":13,"BlkLineWt":-1,"RefName":"","ExtX":0,"ExtY":0,"ExtZ":1,"DocName":"Boundary_1.dwg","DocPath":"C:\\Users\\mrds\\Desktop\\Boundary_1.dwg","DocType":"DWG","DocVer":"AC1032","DocUpdate":1747669918000,"DocId":1.1734703500953825e+19,"GlobalWidth":null,"Shape_Length":42.28514224748946}},{"type":"Feature","id":75,"geometry":{"type":"LineString","coordinates":[[80.235104100328428,6.0321879131658518],[80.235029547407123,6.0325949017433134]]},"properties":{"OBJECTID":75,"FID_Polyline":41,"Entity":"Line","Handle":"42F","Layer":"boundry","LyrFrzn":0,"LyrLock":0,"LyrOn":1,"LyrVPFrzn":0,"LyrHandle":"278","Color":141,"EntColor":141,"LyrColor":7,"BlkColor":0,"Linetype":"A_CONTINUOUS_LINE","EntLinetype":"A_CONTINUOUS_LINE","LyrLnType":"Continuous","BlkLinetype":"","LTScale":1,"Elevation":0,"Thickness":0,"LineWt":100,"EntLineWt":100,"LyrLineWt":13,"BlkLineWt":-1,"RefName":"","ExtX":0,"ExtY":0,"ExtZ":1,"DocName":"Boundary_1.dwg","DocPath":"C:\\Users\\mrds\\Desktop\\Boundary_1.dwg","DocType":"DWG","DocVer":"AC1032","DocUpdate":1747669918000,"DocId":1.1734703500953825e+19,"GlobalWidth":null,"Shape_Length":45.755797586271207}},{"type":"Feature","id":76,"geometry":{"type":"LineString","coordinates":[[80.235029547407123,6.0325949017433134],[80.235063520536713,6.0326068426452917]]},"properties":{"OBJECTID":76,"FID_Polyline":14,"Entity":"Line","Handle":"414","Layer":"boundry","LyrFrzn":0,"LyrLock":0,"LyrOn":1,"LyrVPFrzn":0,"LyrHandle":"278","Color":141,"EntColor":141,"LyrColor":7,"BlkColor":0,"Linetype":"A_CONTINUOUS_LINE","EntLinetype":"A_CONTINUOUS_LINE","LyrLnType":"Continuous","BlkLinetype":"","LTScale":1,"Elevation":0,"Thickness":0,"LineWt":100,"EntLineWt":100,"LyrLineWt":13,"BlkLineWt":-1,"RefName":"","ExtX":0,"ExtY":0,"ExtZ":1,"DocName":"Boundary_1.dwg","DocPath":"C:\\Users\\mrds\\Desktop\\Boundary_1.dwg","DocType":"DWG","DocVer":"AC1032","DocUpdate":1747669918000,"DocId":1.1734703500953825e+19,"GlobalWidth":null,"Shape_Length":3.98595631298944}},{"type":"Feature","id":82,"geometry":{"type":"LineString","coordinates":[[80.234607511457654,6.0327398180663945],[80.234696321464114,6.0327704750140239]]},"properties":{"OBJECTID":82,"FID_Polyline":12,"Entity":"Line","Handle":"412","Layer":"boundry","LyrFrzn":0,"LyrLock":0,"LyrOn":1,"LyrVPFrzn":0,"LyrHandle":"278","Color":141,"EntColor":141,"LyrColor":7,"BlkColor":0,"Linetype":"Continuous","EntLinetype":"Continuous","LyrLnType":"Continuous","BlkLinetype":"","LTScale":1,"Elevation":0,"Thickness":0,"LineWt":100,"EntLineWt":100,"LyrLineWt":13,"BlkLineWt":-1,"RefName":"","ExtX":0,"ExtY":0,"ExtZ":1,"DocName":"Boundary_1.dwg","DocPath":"C:\\Users\\mrds\\Desktop\\Boundary_1.dwg","DocType":"DWG","DocVer":"AC1032","DocUpdate":1747669918000,"DocId":1.1734703500953825e+19,"GlobalWidth":null,"Shape_Length":10.399505716044649}},{"type":"Feature","id":83,"geometry":{"type":"LineString","coordinates":[[80.234848469174835,6.0328229943838565],[80.234991220326933,6.0328156714172616]]},"properties":{"OBJECTID":83,"FID_Polyline":13,"Entity":"Line","Handle":"413","Layer":"boundry","LyrFrzn":0,"LyrLock":0,"LyrOn":1,"LyrVPFrzn":0,"LyrHandle":"278","Color":141,"EntColor":141,"LyrColor":7,"BlkColor":0,"Linetype":"A_CONTINUOUS_LINE","EntLinetype":"A_CONTINUOUS_LINE","LyrLnType":"Continuous","BlkLinetype":"","LTScale":1,"Elevation":0,"Thickness":0,"LineWt":100,"EntLineWt":100,"LyrLineWt":13,"BlkLineWt":-1,"RefName":"","ExtX":0,"ExtY":0,"ExtZ":1,"DocName":"Boundary_1.dwg","DocPath":"C:\\Users\\mrds\\Desktop\\Boundary_1.dwg","DocType":"DWG","DocVer":"AC1032","DocUpdate":1747669918000,"DocId":1.1734703500953825e+19,"GlobalWidth":null,"Shape_Length":15.823547461138944}},{"type":"Feature","id":84,"geometry":{"type":"LineString","coordinates":[[80.234611459983114,6.0328351528245552],[80.234848469174835,6.0328229943838565]]},"properties":{"OBJECTID":84,"FID_Polyline":13,"Entity":"Line","Handle":"413","Layer":"boundry","LyrFrzn":0,"LyrLock":0,"LyrOn":1,"LyrVPFrzn":0,"LyrHandle":"278","Color":141,"EntColor":141,"LyrColor":7,"BlkColor":0,"Linetype":"A_CONTINUOUS_LINE","EntLinetype":"A_CONTINUOUS_LINE","LyrLnType":"Continuous","BlkLinetype":"","LTScale":1,"Elevation":0,"Thickness":0,"LineWt":100,"EntLineWt":100,"LyrLineWt":13,"BlkLineWt":-1,"RefName":"","ExtX":0,"ExtY":0,"ExtZ":1,"DocName":"Boundary_1.dwg","DocPath":"C:\\Users\\mrds\\Desktop\\Boundary_1.dwg","DocType":"DWG","DocVer":"AC1032","DocUpdate":1747669918000,"DocId":1.1734703500953825e+19,"GlobalWidth":null,"Shape_Length":26.271776497553233}},{"type":"Feature","id":85,"geometry":{"type":"LineString","coordinates":[[80.234611459983114,6.0328351528245552],[80.234585316061853,6.0328367744356495]]},"properties":{"OBJECTID":85,"FID_Polyline":391,"Entity":"Line","Handle":"659","Layer":"FEATURE","LyrFrzn":0,"LyrLock":0,"LyrOn":0,"LyrVPFrzn":0,"LyrHandle":"60E","Color":7,"EntColor":-1,"LyrColor":7,"BlkColor":0,"Linetype":"A_CONTINUOUS_LINE","EntLinetype":"A_CONTINUOUS_LINE","LyrLnType":"1","BlkLinetype":"","LTScale":1,"Elevation":0,"Thickness":0,"LineWt":25,"EntLineWt":-1,"LyrLineWt":-3,"BlkLineWt":-1,"RefName":"","ExtX":0,"ExtY":0,"ExtZ":1,"DocName":"Boundary_1.dwg","DocPath":"C:\\Users\\mrds\\Desktop\\Boundary_1.dwg","DocType":"DWG","DocVer":"AC1032","DocUpdate":1747669918000,"DocId":1.1734703500953825e+19,"GlobalWidth":null,"Shape_Length":2.8997297877115011}},{"type":"Feature","id":86,"geometry":{"type":"LineString","coordinates":[[80.235063520536713,6.0326068426452917],[80.235035863593083,6.0328403294415569]]},"properties":{"OBJECTID":86,"FID_Polyline":15,"Entity":"Line","Handle":"415","Layer":"boundry","LyrFrzn":0,"LyrLock":0,"LyrOn":1,"LyrVPFrzn":0,"LyrHandle":"278","Color":141,"EntColor":141,"LyrColor":7,"BlkColor":0,"Linetype":"Continuous","EntLinetype":"Continuous","LyrLnType":"Continuous","BlkLinetype":"","LTScale":1,"Elevation":0,"Thickness":0,"LineWt":100,"EntLineWt":100,"LyrLineWt":13,"BlkLineWt":-1,"RefName":"","ExtX":0,"ExtY":0,"ExtZ":-1,"DocName":"Boundary_1.dwg","DocPath":"C:\\Users\\mrds\\Desktop\\Boundary_1.dwg","DocType":"DWG","DocVer":"AC1032","DocUpdate":1747669918000,"DocId":1.1734703500953825e+19,"GlobalWidth":null,"Shape_Length":26.000162947525975}},{"type":"Feature","id":91,"geometry":{"type":"LineString","coordinates":[[80.235035863593083,6.0328403294415569],[80.235138945007819,6.0329122371844646]]},"properties":{"OBJECTID":91,"FID_Polyline":17,"Entity":"Line","Handle":"417","Layer":"boundry","LyrFrzn":0,"LyrLock":0,"LyrOn":1,"LyrVPFrzn":0,"LyrHandle":"278","Color":141,"EntColor":141,"LyrColor":7,"BlkColor":0,"Linetype":"Continuous","EntLinetype":"Continuous","LyrLnType":"Continuous","BlkLinetype":"","LTScale":1,"Elevation":0,"Thickness":0,"LineWt":100,"EntLineWt":100,"LyrLineWt":13,"BlkLineWt":-1,"RefName":"","ExtX":0,"ExtY":0,"ExtZ":-1,"DocName":"Boundary_1.dwg","DocPath":"C:\\Users\\mrds\\Desktop\\Boundary_1.dwg","DocType":"DWG","DocVer":"AC1032","DocUpdate":1747669918000,"DocId":1.1734703500953825e+19,"GlobalWidth":null,"Shape_Length":13.908504331928363}},{"type":"Feature","id":100,"geometry":{"type":"LineString","coordinates":[[80.232431661027022,6.0322283012046976],[80.233296590059311,6.0323877566543995],[80.23319489687907,6.0329390740415008],[80.232783822731463,6.0328633666179261],[80.232774955041876,6.0329092751158635],[80.232778246079405,6.0329099656830314]]},"properties":{"OBJECTID":100,"FID_Polyline":271,"Entity":"LWPolyline","Handle":"515","Layer":"boundry","LyrFrzn":0,"LyrLock":0,"LyrOn":1,"LyrVPFrzn":0,"LyrHandle":"278","Color":141,"EntColor":141,"LyrColor":7,"BlkColor":0,"Linetype":"Continuous","EntLinetype":"Continuous","LyrLnType":"Continuous","BlkLinetype":"","LTScale":1,"Elevation":0,"Thickness":0,"LineWt":100,"EntLineWt":100,"LyrLineWt":13,"BlkLineWt":-1,"RefName":"","ExtX":0,"ExtY":0,"ExtZ":1,"DocName":"Boundary_1.dwg","DocPath":"C:\\Users\\mrds\\Desktop\\Boundary_1.dwg","DocType":"DWG","DocVer":"AC1032","DocUpdate":1747669918000,"DocId":1.1734703500953825e+19,"GlobalWidth":0,"Shape_Length":211.16872299038121}},{"type":"Feature","id":104,"geometry":{"type":"LineString","coordinates":[[80.232778246079405,6.0329099656830314],[80.232773419832213,6.032939617780964],[80.232747296076852,6.0329373209377897],[80.23271483339839,6.0329434468511209],[80.232693502854431,6.0329554836257984]]},"properties":{"OBJECTID":104,"FID_Polyline":271,"Entity":"LWPolyline","Handle":"515","Layer":"boundry","LyrFrzn":0,"LyrLock":0,"LyrOn":1,"LyrVPFrzn":0,"LyrHandle":"278","Color":141,"EntColor":141,"LyrColor":7,"BlkColor":0,"Linetype":"Continuous","EntLinetype":"Continuous","LyrLnType":"Continuous","BlkLinetype":"","LTScale":1,"Elevation":0,"Thickness":0,"LineWt":100,"EntLineWt":100,"LyrLineWt":13,"BlkLineWt":-1,"RefName":"","ExtX":0,"ExtY":0,"ExtZ":1,"DocName":"Boundary_1.dwg","DocPath":"C:\\Users\\mrds\\Desktop\\Boundary_1.dwg","DocType":"DWG","DocVer":"AC1032","DocUpdate":1747669918000,"DocId":1.1734703500953825e+19,"GlobalWidth":0,"Shape_Length":12.592894853128325}},{"type":"Feature","id":106,"geometry":{"type":"LineString","coordinates":[[80.235108347306266,6.0329724393787618],[80.235107751656329,6.0329718889637851]]},"properties":{"OBJECTID":106,"FID_Polyline":10,"Entity":"Line","Handle":"410","Layer":"boundry","LyrFrzn":0,"LyrLock":0,"LyrOn":1,"LyrVPFrzn":0,"LyrHandle":"278","Color":141,"EntColor":141,"LyrColor":7,"BlkColor":0,"Linetype":"Continuous","EntLinetype":"Continuous","LyrLnType":"Continuous","BlkLinetype":"","LTScale":1,"Elevation":0,"Thickness":0,"LineWt":100,"EntLineWt":100,"LyrLineWt":13,"BlkLineWt":-1,"RefName":"","ExtX":0,"ExtY":0,"ExtZ":1,"DocName":"Boundary_1.dwg","DocPath":"C:\\Users\\mrds\\Desktop\\Boundary_1.dwg","DocType":"DWG","DocVer":"AC1032","DocUpdate":1747669918000,"DocId":1.1734703500953825e+19,"GlobalWidth":null,"Shape_Length":0.089736503017971217}},{"type":"Feature","id":107,"geometry":{"type":"LineString","coordinates":[[80.235108347306266,6.0329724393787618],[80.235099342216387,6.0329495115155067],[80.234994694263307,6.0328195733675143],[80.234991220326933,6.0328156714172616]]},"properties":{"OBJECTID":107,"FID_Polyline":11,"Entity":"LWPolyline","Handle":"411","Layer":"boundry","LyrFrzn":0,"LyrLock":0,"LyrOn":1,"LyrVPFrzn":0,"LyrHandle":"278","Color":141,"EntColor":141,"LyrColor":7,"BlkColor":0,"Linetype":"A_CONTINUOUS_LINE","EntLinetype":"A_CONTINUOUS_LINE","LyrLnType":"Continuous","BlkLinetype":"","LTScale":1,"Elevation":0,"Thickness":0,"LineWt":100,"EntLineWt":100,"LyrLineWt":13,"BlkLineWt":-1,"RefName":"","ExtX":0,"ExtY":0,"ExtZ":1,"DocName":"Boundary_1.dwg","DocPath":"C:\\Users\\mrds\\Desktop\\Boundary_1.dwg","DocType":"DWG","DocVer":"AC1032","DocUpdate":1747669918000,"DocId":1.1734703500953825e+19,"GlobalWidth":0,"Shape_Length":21.75946093991142}},{"type":"Feature","id":108,"geometry":{"type":"LineString","coordinates":[[80.232667000165847,6.032987127953394],[80.232693502854431,6.0329554836257984]]},"properties":{"OBJECTID":108,"FID_Polyline":274,"Entity":"Line","Handle":"518","Layer":"boundry","LyrFrzn":0,"LyrLock":0,"LyrOn":1,"LyrVPFrzn":0,"LyrHandle":"278","Color":141,"EntColor":141,"LyrColor":7,"BlkColor":0,"Linetype":"Continuous","EntLinetype":"Continuous","LyrLnType":"Continuous","BlkLinetype":"","LTScale":1,"Elevation":0,"Thickness":0,"LineWt":100,"EntLineWt":100,"LyrLineWt":13,"BlkLineWt":-1,"RefName":"","ExtX":0,"ExtY":0,"ExtZ":1,"DocName":"Boundary_1.dwg","DocPath":"C:\\Users\\mrds\\Desktop\\Boundary_1.dwg","DocType":"DWG","DocVer":"AC1032","DocUpdate":1747669918000,"DocId":1.1734703500953825e+19,"GlobalWidth":null,"Shape_Length":4.5664700808880561}},{"type":"Feature","id":109,"geometry":{"type":"LineString","coordinates":[[80.233273738271237,6.0329909029683852],[80.233261330283739,6.0329889643906407]]},"properties":{"OBJECTID":109,"FID_Polyline":275,"Entity":"Line","Handle":"519","Layer":"boundry","LyrFrzn":0,"LyrLock":0,"LyrOn":1,"LyrVPFrzn":0,"LyrHandle":"278","Color":141,"EntColor":141,"LyrColor":7,"BlkColor":0,"Linetype":"Continuous","EntLinetype":"Continuous","LyrLnType":"Continuous","BlkLinetype":"","LTScale":1,"Elevation":0,"Thickness":0,"LineWt":100,"EntLineWt":100,"LyrLineWt":13,"BlkLineWt":-1,"RefName":"","ExtX":0,"ExtY":0,"ExtZ":1,"DocName":"Boundary_1.dwg","DocPath":"C:\\Users\\mrds\\Desktop\\Boundary_1.dwg","DocType":"DWG","DocVer":"AC1032","DocUpdate":1747669918000,"DocId":1.1734703500953825e+19,"GlobalWidth":null,"Shape_Length":1.390214170936793}},{"type":"Feature","id":110,"geometry":{"type":"LineString","coordinates":[[80.233261147233705,6.0329913570184068],[80.233253054441661,6.0329903270626648]]},"properties":{"OBJECTID":110,"FID_Polyline":277,"Entity":"Line","Handle":"51B","Layer":"boundry","LyrFrzn":0,"LyrLock":0,"LyrOn":1,"LyrVPFrzn":0,"LyrHandle":"278","Color":141,"EntColor":141,"LyrColor":7,"BlkColor":0,"Linetype":"Continuous","EntLinetype":"Continuous","LyrLnType":"Continuous","BlkLinetype":"","LTScale":1,"Elevation":0,"Thickness":0,"LineWt":100,"EntLineWt":100,"LyrLineWt":13,"BlkLineWt":-1,"RefName":"","ExtX":0,"ExtY":0,"ExtZ":1,"DocName":"Boundary_1.dwg","DocPath":"C:\\Users\\mrds\\Desktop\\Boundary_1.dwg","DocType":"DWG","DocVer":"AC1032","DocUpdate":1747669918000,"DocId":1.1734703500953825e+19,"GlobalWidth":null,"Shape_Length":0.90309744830666072}},{"type":"Feature","id":111,"geometry":{"type":"LineString","coordinates":[[80.233261330283739,6.0329889643906407],[80.233261147233705,6.0329913570184068]]},"properties":{"OBJECTID":111,"FID_Polyline":276,"Entity":"Line","Handle":"51A","Layer":"boundry","LyrFrzn":0,"LyrLock":0,"LyrOn":1,"LyrVPFrzn":0,"LyrHandle":"278","Color":141,"EntColor":141,"LyrColor":7,"BlkColor":0,"Linetype":"Continuous","EntLinetype":"Continuous","LyrLnType":"Continuous","BlkLinetype":"","LTScale":1,"Elevation":0,"Thickness":0,"LineWt":100,"EntLineWt":100,"LyrLineWt":13,"BlkLineWt":-1,"RefName":"","ExtX":0,"ExtY":0,"ExtZ":1,"DocName":"Boundary_1.dwg","DocPath":"C:\\Users\\mrds\\Desktop\\Boundary_1.dwg","DocType":"DWG","DocVer":"AC1032","DocUpdate":1747669918000,"DocId":1.1734703500953825e+19,"GlobalWidth":null,"Shape_Length":0.26535478261590473}},{"type":"Feature","id":112,"geometry":{"type":"LineString","coordinates":[[80.232778246079405,6.0329099656830314],[80.233251865014338,6.0329964155142832]]},"properties":{"OBJECTID":112,"FID_Polyline":295,"Entity":"Line","Handle":"52D","Layer":"boundry","LyrFrzn":0,"LyrLock":0,"LyrOn":1,"LyrVPFrzn":0,"LyrHandle":"278","Color":141,"EntColor":141,"LyrColor":7,"BlkColor":0,"Linetype":"Continuous","EntLinetype":"Continuous","LyrLnType":"Continuous","BlkLinetype":"","LTScale":1,"Elevation":0,"Thickness":0,"LineWt":100,"EntLineWt":100,"LyrLineWt":13,"BlkLineWt":-1,"RefName":"","ExtX":0,"ExtY":0,"ExtZ":1,"DocName":"Boundary_1.dwg","DocPath":"C:\\Users\\mrds\\Desktop\\Boundary_1.dwg","DocType":"DWG","DocVer":"AC1032","DocUpdate":1747669918000,"DocId":1.1734703500953825e+19,"GlobalWidth":null,"Shape_Length":53.294880193240658}},{"type":"Feature","id":113,"geometry":{"type":"LineString","coordinates":[[80.233253054441661,6.0329903270626648],[80.233251865014338,6.0329964155142832]]},"properties":{"OBJECTID":113,"FID_Polyline":278,"Entity":"Line","Handle":"51C","Layer":"boundry","LyrFrzn":0,"LyrLock":0,"LyrOn":1,"LyrVPFrzn":0,"LyrHandle":"278","Color":141,"EntColor":141,"LyrColor":7,"BlkColor":0,"Linetype":"Continuous","EntLinetype":"Continuous","LyrLnType":"Continuous","BlkLinetype":"","LTScale":1,"Elevation":0,"Thickness":0,"LineWt":100,"EntLineWt":100,"LyrLineWt":13,"BlkLineWt":-1,"RefName":"","ExtX":0,"ExtY":0,"ExtZ":1,"DocName":"Boundary_1.dwg","DocPath":"C:\\Users\\mrds\\Desktop\\Boundary_1.dwg","DocType":"DWG","DocVer":"AC1032","DocUpdate":1747669918000,"DocId":1.1734703500953825e+19,"GlobalWidth":null,"Shape_Length":0.68602373094262958}},{"type":"Feature","id":115,"geometry":{"type":"LineString","coordinates":[[80.233251865014338,6.0329964155142832],[80.233249381710678,6.0330082541003653]]},"properties":{"OBJECTID":115,"FID_Polyline":279,"Entity":"Line","Handle":"51D","Layer":"boundry","LyrFrzn":0,"LyrLock":0,"LyrOn":1,"LyrVPFrzn":0,"LyrHandle":"278","Color":141,"EntColor":141,"LyrColor":7,"BlkColor":0,"Linetype":"Continuous","EntLinetype":"Continuous","LyrLnType":"Continuous","BlkLinetype":"","LTScale":1,"Elevation":0,"Thickness":0,"LineWt":100,"EntLineWt":100,"LyrLineWt":13,"BlkLineWt":-1,"RefName":"","ExtX":0,"ExtY":0,"ExtZ":1,"DocName":"Boundary_1.dwg","DocPath":"C:\\Users\\mrds\\Desktop\\Boundary_1.dwg","DocType":"DWG","DocVer":"AC1032","DocUpdate":1747669918000,"DocId":1.1734703500953825e+19,"GlobalWidth":null,"Shape_Length":1.337679079466773}},{"type":"Feature","id":118,"geometry":{"type":"LineString","coordinates":[[80.232650748943357,6.0330182670716788],[80.232667000165847,6.032987127953394]]},"properties":{"OBJECTID":118,"FID_Polyline":273,"Entity":"Line","Handle":"517","Layer":"boundry","LyrFrzn":0,"LyrLock":0,"LyrOn":1,"LyrVPFrzn":0,"LyrHandle":"278","Color":141,"EntColor":141,"LyrColor":7,"BlkColor":0,"Linetype":"Continuous","EntLinetype":"Continuous","LyrLnType":"Continuous","BlkLinetype":"","LTScale":1,"Elevation":0,"Thickness":0,"LineWt":100,"EntLineWt":100,"LyrLineWt":13,"BlkLineWt":-1,"RefName":"","ExtX":0,"ExtY":0,"ExtZ":1,"DocName":"Boundary_1.dwg","DocPath":"C:\\Users\\mrds\\Desktop\\Boundary_1.dwg","DocType":"DWG","DocVer":"AC1032","DocUpdate":1747669918000,"DocId":1.1734703500953825e+19,"GlobalWidth":null,"Shape_Length":3.8850459970416331}},{"type":"Feature","id":122,"geometry":{"type":"LineString","coordinates":[[80.235149815914951,6.0331157255870149],[80.235148862507941,6.0331133951286802]]},"properties":{"OBJECTID":122,"FID_Polyline":410,"Entity":"Line","Handle":"6DF","Layer":"boundry","LyrFrzn":0,"LyrLock":0,"LyrOn":1,"LyrVPFrzn":0,"LyrHandle":"278","Color":141,"EntColor":141,"LyrColor":7,"BlkColor":0,"Linetype":"A_CONTINUOUS_LINE","EntLinetype":"A_CONTINUOUS_LINE","LyrLnType":"Continuous","BlkLinetype":"","LTScale":1,"Elevation":0,"Thickness":0,"LineWt":100,"EntLineWt":100,"LyrLineWt":13,"BlkLineWt":-1,"RefName":"","ExtX":0,"ExtY":0,"ExtZ":1,"DocName":"Boundary_1.dwg","DocPath":"C:\\Users\\mrds\\Desktop\\Boundary_1.dwg","DocType":"DWG","DocVer":"AC1032","DocUpdate":1747669918000,"DocId":1.1734703500953825e+19,"GlobalWidth":null,"Shape_Length":0.2784805200909426}},{"type":"Feature","id":123,"geometry":{"type":"LineString","coordinates":[[80.235149815914951,6.0331157255870149],[80.235162577886712,6.0331105222134855],[80.235108347306266,6.0329724393787618]]},"properties":{"OBJECTID":123,"FID_Polyline":11,"Entity":"LWPolyline","Handle":"411","Layer":"boundry","LyrFrzn":0,"LyrLock":0,"LyrOn":1,"LyrVPFrzn":0,"LyrHandle":"278","Color":141,"EntColor":141,"LyrColor":7,"BlkColor":0,"Linetype":"A_CONTINUOUS_LINE","EntLinetype":"A_CONTINUOUS_LINE","LyrLnType":"Continuous","BlkLinetype":"","LTScale":1,"Elevation":0,"Thickness":0,"LineWt":100,"EntLineWt":100,"LyrLineWt":13,"BlkLineWt":-1,"RefName":"","ExtX":0,"ExtY":0,"ExtZ":1,"DocName":"Boundary_1.dwg","DocPath":"C:\\Users\\mrds\\Desktop\\Boundary_1.dwg","DocType":"DWG","DocVer":"AC1032","DocUpdate":1747669918000,"DocId":1.1734703500953825e+19,"GlobalWidth":0,"Shape_Length":17.932613873509933}},{"type":"Feature","id":126,"geometry":{"type":"LineString","coordinates":[[80.235286518720741,6.0331372531470029],[80.235108365366528,6.0329724457269318]]},"properties":{"OBJECTID":126,"FID_Polyline":10,"Entity":"Line","Handle":"410","Layer":"boundry","LyrFrzn":0,"LyrLock":0,"LyrOn":1,"LyrVPFrzn":0,"LyrHandle":"278","Color":141,"EntColor":141,"LyrColor":7,"BlkColor":0,"Linetype":"Continuous","EntLinetype":"Continuous","LyrLnType":"Continuous","BlkLinetype":"","LTScale":1,"Elevation":0,"Thickness":0,"LineWt":100,"EntLineWt":100,"LyrLineWt":13,"BlkLineWt":-1,"RefName":"","ExtX":0,"ExtY":0,"ExtZ":1,"DocName":"Boundary_1.dwg","DocPath":"C:\\Users\\mrds\\Desktop\\Boundary_1.dwg","DocType":"DWG","DocVer":"AC1032","DocUpdate":1747669918000,"DocId":1.1734703500953825e+19,"GlobalWidth":null,"Shape_Length":26.853112017260443}},{"type":"Feature","id":129,"geometry":{"type":"LineString","coordinates":[[80.235138945007819,6.0329122371844646],[80.235779515274373,6.0332086949567465]]},"properties":{"OBJECTID":129,"FID_Polyline":9,"Entity":"Line","Handle":"40F","Layer":"boundry","LyrFrzn":0,"LyrLock":0,"LyrOn":1,"LyrVPFrzn":0,"LyrHandle":"278","Color":141,"EntColor":141,"LyrColor":7,"BlkColor":0,"Linetype":"Continuous","EntLinetype":"Continuous","LyrLnType":"Continuous","BlkLinetype":"","LTScale":1,"Elevation":0,"Thickness":0,"LineWt":100,"EntLineWt":100,"LyrLineWt":13,"BlkLineWt":-1,"RefName":"","ExtX":0,"ExtY":0,"ExtZ":-1,"DocName":"Boundary_1.dwg","DocPath":"C:\\Users\\mrds\\Desktop\\Boundary_1.dwg","DocType":"DWG","DocVer":"AC1032","DocUpdate":1747669918000,"DocId":1.1734703500953825e+19,"GlobalWidth":null,"Shape_Length":78.123317106829248}},{"type":"Feature","id":130,"geometry":{"type":"LineString","coordinates":[[80.235779515274373,6.0332086949567465],[80.235854763397313,6.0331987373146623]]},"properties":{"OBJECTID":130,"FID_Polyline":22,"Entity":"Line","Handle":"41C","Layer":"boundry","LyrFrzn":0,"LyrLock":0,"LyrOn":1,"LyrVPFrzn":0,"LyrHandle":"278","Color":141,"EntColor":141,"LyrColor":7,"BlkColor":0,"Linetype":"Continuous","EntLinetype":"Continuous","LyrLnType":"Continuous","BlkLinetype":"","LTScale":1,"Elevation":0,"Thickness":0,"LineWt":100,"EntLineWt":100,"LyrLineWt":13,"BlkLineWt":-1,"RefName":"","ExtX":0,"ExtY":0,"ExtZ":-1,"DocName":"Boundary_1.dwg","DocPath":"C:\\Users\\mrds\\Desktop\\Boundary_1.dwg","DocType":"DWG","DocVer":"AC1032","DocUpdate":1747669918000,"DocId":1.1734703500953825e+19,"GlobalWidth":null,"Shape_Length":8.402559690918574}},{"type":"Feature","id":136,"geometry":{"type":"LineString","coordinates":[[80.235779515274373,6.0332086949567465],[80.235797270183298,6.0333006857355755]]},"properties":{"OBJECTID":136,"FID_Polyline":21,"Entity":"Line","Handle":"41B","Layer":"boundry","LyrFrzn":0,"LyrLock":0,"LyrOn":1,"LyrVPFrzn":0,"LyrHandle":"278","Color":141,"EntColor":141,"LyrColor":7,"BlkColor":0,"Linetype":"Continuous","EntLinetype":"Continuous","LyrLnType":"Continuous","BlkLinetype":"","LTScale":1,"Elevation":0,"Thickness":0,"LineWt":100,"EntLineWt":100,"LyrLineWt":13,"BlkLineWt":-1,"RefName":"","ExtX":0,"ExtY":0,"ExtZ":-1,"DocName":"Boundary_1.dwg","DocPath":"C:\\Users\\mrds\\Desktop\\Boundary_1.dwg","DocType":"DWG","DocVer":"AC1032","DocUpdate":1747669918000,"DocId":1.1734703500953825e+19,"GlobalWidth":null,"Shape_Length":10.360601605648009}},{"type":"Feature","id":141,"geometry":{"type":"LineString","coordinates":[[80.235797270183298,6.0333006857355755],[80.235848097579591,6.0333546269727352]]},"properties":{"OBJECTID":141,"FID_Polyline":24,"Entity":"Line","Handle":"41E","Layer":"boundry","LyrFrzn":0,"LyrLock":0,"LyrOn":1,"LyrVPFrzn":0,"LyrHandle":"278","Color":141,"EntColor":141,"LyrColor":7,"BlkColor":0,"Linetype":"Continuous","EntLinetype":"Continuous","LyrLnType":"Continuous","BlkLinetype":"","LTScale":1,"Elevation":0,"Thickness":0,"LineWt":100,"EntLineWt":100,"LyrLineWt":13,"BlkLineWt":-1,"RefName":"","ExtX":0,"ExtY":0,"ExtZ":-1,"DocName":"Boundary_1.dwg","DocPath":"C:\\Users\\mrds\\Desktop\\Boundary_1.dwg","DocType":"DWG","DocVer":"AC1032","DocUpdate":1747669918000,"DocId":1.1734703500953825e+19,"GlobalWidth":null,"Shape_Length":8.199965806110443}},{"type":"Feature","id":144,"geometry":{"type":"LineString","coordinates":[[80.235848097579591,6.0333546269727352],[80.235860310841318,6.0334071923445327]]},"properties":{"OBJECTID":144,"FID_Polyline":18,"Entity":"Line","Handle":"418","Layer":"boundry","LyrFrzn":0,"LyrLock":0,"LyrOn":1,"LyrVPFrzn":0,"LyrHandle":"278","Color":141,"EntColor":141,"LyrColor":7,"BlkColor":0,"Linetype":"Continuous","EntLinetype":"Continuous","LyrLnType":"Continuous","BlkLinetype":"","LTScale":1,"Elevation":0,"Thickness":0,"LineWt":100,"EntLineWt":100,"LyrLineWt":13,"BlkLineWt":-1,"RefName":"","ExtX":0,"ExtY":0,"ExtZ":-1,"DocName":"Boundary_1.dwg","DocPath":"C:\\Users\\mrds\\Desktop\\Boundary_1.dwg","DocType":"DWG","DocVer":"AC1032","DocUpdate":1747669918000,"DocId":1.1734703500953825e+19,"GlobalWidth":null,"Shape_Length":5.9679134377948317}},{"type":"Feature","id":156,"geometry":{"type":"LineString","coordinates":[[80.232139555838813,6.033553604093381],[80.232139512482703,6.0335536004327404]]},"properties":{"OBJECTID":156,"FID_Polyline":340,"Entity":"LWPolyline","Handle":"55A","Layer":"boundry","LyrFrzn":0,"LyrLock":0,"LyrOn":1,"LyrVPFrzn":0,"LyrHandle":"278","Color":141,"EntColor":141,"LyrColor":7,"BlkColor":0,"Linetype":"Continuous","EntLinetype":"ByLayer","LyrLnType":"Continuous","BlkLinetype":"","LTScale":1,"Elevation":0,"Thickness":0,"LineWt":100,"EntLineWt":100,"LyrLineWt":13,"BlkLineWt":-1,"RefName":"","ExtX":0,"ExtY":0,"ExtZ":1,"DocName":"Boundary_1.dwg","DocPath":"C:\\Users\\mrds\\Desktop\\Boundary_1.dwg","DocType":"DWG","DocVer":"AC1032","DocUpdate":1747669918000,"DocId":1.1734703500953825e+19,"GlobalWidth":0,"Shape_Length":0.00481663707418282}},{"type":"Feature","id":157,"geometry":{"type":"LineString","coordinates":[[80.232650748943357,6.0330182670716788],[80.23260438119442,6.033134075771847],[80.232554152120741,6.033268467838627],[80.232530572710999,6.0333307549889597],[80.232502591320568,6.0333831409413783],[80.232476539770985,6.0334188985197574],[80.232437471459761,6.0334653085341978],[80.232406779303517,6.033496740662283],[80.23238204162395,6.0335193870219062],[80.232343583611865,6.0335480369464269],[80.23231730035819,6.0335625140082083],[80.232306366996227,6.0335384601192432]]},"properties":{"OBJECTID":157,"FID_Polyline":272,"Entity":"LWPolyline","Handle":"516","Layer":"boundry","LyrFrzn":0,"LyrLock":0,"LyrOn":1,"LyrVPFrzn":0,"LyrHandle":"278","Color":141,"EntColor":141,"LyrColor":7,"BlkColor":0,"Linetype":"Continuous","EntLinetype":"Continuous","LyrLnType":"Continuous","BlkLinetype":"","LTScale":1,"Elevation":0,"Thickness":0,"LineWt":100,"EntLineWt":100,"LyrLineWt":13,"BlkLineWt":-1,"RefName":"","ExtX":0,"ExtY":0,"ExtZ":1,"DocName":"Boundary_1.dwg","DocPath":"C:\\Users\\mrds\\Desktop\\Boundary_1.dwg","DocType":"DWG","DocVer":"AC1032","DocUpdate":1747669918000,"DocId":1.1734703500953825e+19,"GlobalWidth":0,"Shape_Length":75.326140302914226}},{"type":"Feature","id":158,"geometry":{"type":"LineString","coordinates":[[80.232306366996227,6.0335384601192432],[80.232304061052645,6.0335391098210476],[80.232320575431586,6.0335773877954448],[80.232342382495645,6.0335658217576507],[80.232373246432104,6.033545107714442],[80.232418696161432,6.0335056437817816],[80.232463563926459,6.0334573441318717],[80.232504970625143,6.033404926394895],[80.232534489267863,6.0333563753596557],[80.232551429431666,6.0333174064957591],[80.23262536248896,6.0331208033617125],[80.23266892759446,6.0330145649070035],[80.232678735437446,6.0329951374246695],[80.232699759136921,6.0329701379314127],[80.232720100522769,6.0329572103243203],[80.232753346685399,6.0329516910832286],[80.232785109096497,6.0329557162776721],[80.232790480891381,6.0329243148806162],[80.233249381710678,6.0330082541003653]]},"properties":{"OBJECTID":158,"FID_Polyline":272,"Entity":"LWPolyline","Handle":"516","Layer":"boundry","LyrFrzn":0,"LyrLock":0,"LyrOn":1,"LyrVPFrzn":0,"LyrHandle":"278","Color":141,"EntColor":141,"LyrColor":7,"BlkColor":0,"Linetype":"Continuous","EntLinetype":"Continuous","LyrLnType":"Continuous","BlkLinetype":"","LTScale":1,"Elevation":0,"Thickness":0,"LineWt":100,"EntLineWt":100,"LyrLineWt":13,"BlkLineWt":-1,"RefName":"","ExtX":0,"ExtY":0,"ExtZ":1,"DocName":"Boundary_1.dwg","DocPath":"C:\\Users\\mrds\\Desktop\\Boundary_1.dwg","DocType":"DWG","DocVer":"AC1032","DocUpdate":1747669918000,"DocId":1.1734703500953825e+19,"GlobalWidth":0,"Shape_Length":151.10748632857883}},{"type":"Feature","id":160,"geometry":{"type":"LineString","coordinates":[[80.23563606271675,6.0335950347791911],[80.235635873422495,6.0335946267459173]]},"properties":{"OBJECTID":160,"FID_Polyline":8,"Entity":"LWPolyline","Handle":"40E","Layer":"boundry","LyrFrzn":0,"LyrLock":0,"LyrOn":1,"LyrVPFrzn":0,"LyrHandle":"278","Color":141,"EntColor":141,"LyrColor":7,"BlkColor":0,"Linetype":"Continuous","EntLinetype":"Continuous","LyrLnType":"Continuous","BlkLinetype":"","LTScale":1,"Elevation":0,"Thickness":0,"LineWt":100,"EntLineWt":100,"LyrLineWt":13,"BlkLineWt":-1,"RefName":"","ExtX":0,"ExtY":0,"ExtZ":1,"DocName":"Boundary_1.dwg","DocPath":"C:\\Users\\mrds\\Desktop\\Boundary_1.dwg","DocType":"DWG","DocVer":"AC1032","DocUpdate":1747669918000,"DocId":1.1734703500953825e+19,"GlobalWidth":0,"Shape_Length":0.049749472411086251}},{"type":"Feature","id":161,"geometry":{"type":"LineString","coordinates":[[80.235673790085528,6.0336762388850929],[80.23563606271675,6.0335950347791911]]},"properties":{"OBJECTID":161,"FID_Polyline":8,"Entity":"LWPolyline","Handle":"40E","Layer":"boundry","LyrFrzn":0,"LyrLock":0,"LyrOn":1,"LyrVPFrzn":0,"LyrHandle":"278","Color":141,"EntColor":141,"LyrColor":7,"BlkColor":0,"Linetype":"Continuous","EntLinetype":"Continuous","LyrLnType":"Continuous","BlkLinetype":"","LTScale":1,"Elevation":0,"Thickness":0,"LineWt":100,"EntLineWt":100,"LyrLineWt":13,"BlkLineWt":-1,"RefName":"","ExtX":0,"ExtY":0,"ExtZ":1,"DocName":"Boundary_1.dwg","DocPath":"C:\\Users\\mrds\\Desktop\\Boundary_1.dwg","DocType":"DWG","DocVer":"AC1032","DocUpdate":1747669918000,"DocId":1.1734703500953825e+19,"GlobalWidth":0,"Shape_Length":9.9033920158792021}},{"type":"Feature","id":163,"geometry":{"type":"LineString","coordinates":[[80.236007275744598,6.0337510279071624],[80.235860310841318,6.0334071923445327]]},"properties":{"OBJECTID":163,"FID_Polyline":25,"Entity":"Line","Handle":"41F","Layer":"boundry","LyrFrzn":0,"LyrLock":0,"LyrOn":1,"LyrVPFrzn":0,"LyrHandle":"278","Color":141,"EntColor":141,"LyrColor":7,"BlkColor":0,"Linetype":"Continuous","EntLinetype":"Continuous","LyrLnType":"Continuous","BlkLinetype":"","LTScale":1,"Elevation":0,"Thickness":0,"LineWt":100,"EntLineWt":100,"LyrLineWt":13,"BlkLineWt":-1,"RefName":"","ExtX":0,"ExtY":0,"ExtZ":-1,"DocName":"Boundary_1.dwg","DocPath":"C:\\Users\\mrds\\Desktop\\Boundary_1.dwg","DocType":"DWG","DocVer":"AC1032","DocUpdate":1747669918000,"DocId":1.1734703500953825e+19,"GlobalWidth":null,"Shape_Length":41.356303999358744}},{"type":"Feature","id":164,"geometry":{"type":"LineString","coordinates":[[80.236015836121254,6.0337724613925907],[80.236007275744598,6.0337510279071624]]},"properties":{"OBJECTID":164,"FID_Polyline":409,"Entity":"Line","Handle":"6D7","Layer":"FEATURE","LyrFrzn":0,"LyrLock":0,"LyrOn":0,"LyrVPFrzn":0,"LyrHandle":"60E","Color":7,"EntColor":-1,"LyrColor":7,"BlkColor":0,"Linetype":"A_CONTINUOUS_LINE","EntLinetype":"A_CONTINUOUS_LINE","LyrLnType":"1","BlkLinetype":"","LTScale":1,"Elevation":0,"Thickness":0,"LineWt":25,"EntLineWt":-1,"LyrLineWt":-3,"BlkLineWt":-1,"RefName":"","ExtX":0,"ExtY":0,"ExtZ":1,"DocName":"Boundary_1.dwg","DocPath":"C:\\Users\\mrds\\Desktop\\Boundary_1.dwg","DocType":"DWG","DocVer":"AC1032","DocUpdate":1747669918000,"DocId":1.1734703500953825e+19,"GlobalWidth":null,"Shape_Length":2.5525690263113243}},{"type":"Feature","id":165,"geometry":{"type":"LineString","coordinates":[[80.23538845078815,6.0337809927853145],[80.235673790085528,6.0336762388850929]]},"properties":{"OBJECTID":165,"FID_Polyline":386,"Entity":"Line","Handle":"626","Layer":"FEATURE","LyrFrzn":0,"LyrLock":0,"LyrOn":0,"LyrVPFrzn":0,"LyrHandle":"60E","Color":7,"EntColor":-1,"LyrColor":7,"BlkColor":0,"Linetype":"A_CONTINUOUS_LINE","EntLinetype":"A_CONTINUOUS_LINE","LyrLnType":"1","BlkLinetype":"","LTScale":1,"Elevation":0,"Thickness":0,"LineWt":25,"EntLineWt":-1,"LyrLineWt":-3,"BlkLineWt":-1,"RefName":"","ExtX":0,"ExtY":0,"ExtZ":1,"DocName":"Boundary_1.dwg","DocPath":"C:\\Users\\mrds\\Desktop\\Boundary_1.dwg","DocType":"DWG","DocVer":"AC1032","DocUpdate":1747669918000,"DocId":1.1734703500953825e+19,"GlobalWidth":null,"Shape_Length":33.644563410147178}},{"type":"Feature","id":167,"geometry":{"type":"LineString","coordinates":[[80.235749650487293,6.0338395192520906],[80.235673790085528,6.0336762388850929]]},"properties":{"OBJECTID":167,"FID_Polyline":8,"Entity":"LWPolyline","Handle":"40E","Layer":"boundry","LyrFrzn":0,"LyrLock":0,"LyrOn":1,"LyrVPFrzn":0,"LyrHandle":"278","Color":141,"EntColor":141,"LyrColor":7,"BlkColor":0,"Linetype":"Continuous","EntLinetype":"Continuous","LyrLnType":"Continuous","BlkLinetype":"","LTScale":1,"Elevation":0,"Thickness":0,"LineWt":100,"EntLineWt":100,"LyrLineWt":13,"BlkLineWt":-1,"RefName":"","ExtX":0,"ExtY":0,"ExtZ":1,"DocName":"Boundary_1.dwg","DocPath":"C:\\Users\\mrds\\Desktop\\Boundary_1.dwg","DocType":"DWG","DocVer":"AC1032","DocUpdate":1747669918000,"DocId":1.1734703500953825e+19,"GlobalWidth":0,"Shape_Length":19.913169922893896}},{"type":"Feature","id":170,"geometry":{"type":"LineString","coordinates":[[80.232110562889062,6.0339467302245211],[80.232110538508223,6.0339467211569975]]},"properties":{"OBJECTID":170,"FID_Polyline":35,"Entity":"LWPolyline","Handle":"429","Layer":"boundry","LyrFrzn":0,"LyrLock":0,"LyrOn":1,"LyrVPFrzn":0,"LyrHandle":"278","Color":141,"EntColor":141,"LyrColor":7,"BlkColor":0,"Linetype":"Continuous","EntLinetype":"ByLayer","LyrLnType":"Continuous","BlkLinetype":"","LTScale":1,"Elevation":0,"Thickness":0,"LineWt":100,"EntLineWt":100,"LyrLineWt":13,"BlkLineWt":-1,"RefName":"","ExtX":0,"ExtY":0,"ExtZ":1,"DocName":"Boundary_1.dwg","DocPath":"C:\\Users\\mrds\\Desktop\\Boundary_1.dwg","DocType":"DWG","DocVer":"AC1032","DocUpdate":1747669918000,"DocId":1.1734703500953825e+19,"GlobalWidth":0,"Shape_Length":0.0028792361323825193}},{"type":"Feature","id":174,"geometry":{"type":"LineString","coordinates":[[80.232065499106852,6.0341052743391757],[80.232065555096952,6.0341052906728514]]},"properties":{"OBJECTID":174,"FID_Polyline":31,"Entity":"LWPolyline","Handle":"425","Layer":"boundry","LyrFrzn":0,"LyrLock":0,"LyrOn":1,"LyrVPFrzn":0,"LyrHandle":"278","Color":141,"EntColor":141,"LyrColor":7,"BlkColor":0,"Linetype":"Continuous","EntLinetype":"ByLayer","LyrLnType":"Continuous","BlkLinetype":"","LTScale":1,"Elevation":0,"Thickness":0,"LineWt":100,"EntLineWt":100,"LyrLineWt":13,"BlkLineWt":-1,"RefName":"","ExtX":0,"ExtY":0,"ExtZ":1,"DocName":"Boundary_1.dwg","DocPath":"C:\\Users\\mrds\\Desktop\\Boundary_1.dwg","DocType":"DWG","DocVer":"AC1032","DocUpdate":1747669918000,"DocId":1.1734703500953825e+19,"GlobalWidth":0,"Shape_Length":0.006456004866565228}},{"type":"Feature","id":175,"geometry":{"type":"LineString","coordinates":[[80.232065913732967,6.034104372250721],[80.232065555096952,6.0341052906728514]]},"properties":{"OBJECTID":175,"FID_Polyline":32,"Entity":"Line","Handle":"426","Layer":"boundry","LyrFrzn":0,"LyrLock":0,"LyrOn":1,"LyrVPFrzn":0,"LyrHandle":"278","Color":141,"EntColor":141,"LyrColor":7,"BlkColor":0,"Linetype":"Continuous","EntLinetype":"ByLayer","LyrLnType":"Continuous","BlkLinetype":"","LTScale":1,"Elevation":0,"Thickness":0,"LineWt":100,"EntLineWt":100,"LyrLineWt":13,"BlkLineWt":-1,"RefName":"","ExtX":0,"ExtY":0,"ExtZ":1,"DocName":"Boundary_1.dwg","DocPath":"C:\\Users\\mrds\\Desktop\\Boundary_1.dwg","DocType":"DWG","DocVer":"AC1032","DocUpdate":1747669918000,"DocId":1.1734703500953825e+19,"GlobalWidth":null,"Shape_Length":0.10904457889210033}},{"type":"Feature","id":194,"geometry":{"type":"LineString","coordinates":[[80.2321441788405,6.0344799644218616],[80.232144321552084,6.034479979033712]]},"properties":{"OBJECTID":194,"FID_Polyline":334,"Entity":"Line","Handle":"554","Layer":"boundry","LyrFrzn":0,"LyrLock":0,"LyrOn":1,"LyrVPFrzn":0,"LyrHandle":"278","Color":141,"EntColor":141,"LyrColor":7,"BlkColor":0,"Linetype":"Continuous","EntLinetype":"ByLayer","LyrLnType":"Continuous","BlkLinetype":"","LTScale":1,"Elevation":0,"Thickness":0,"LineWt":100,"EntLineWt":100,"LyrLineWt":13,"BlkLineWt":-1,"RefName":"","ExtX":0,"ExtY":0,"ExtZ":1,"DocName":"Boundary_1.dwg","DocPath":"C:\\Users\\mrds\\Desktop\\Boundary_1.dwg","DocType":"DWG","DocVer":"AC1032","DocUpdate":1747669918000,"DocId":1.1734703500953825e+19,"GlobalWidth":null,"Shape_Length":0.015880805179652235}},{"type":"Feature","id":197,"geometry":{"type":"LineString","coordinates":[[80.232152990263032,6.0344687724318238],[80.232042576425954,6.0346530059261978]]},"properties":{"OBJECTID":197,"FID_Polyline":337,"Entity":"Line","Handle":"557","Layer":"boundry","LyrFrzn":0,"LyrLock":0,"LyrOn":1,"LyrVPFrzn":0,"LyrHandle":"278","Color":141,"EntColor":141,"LyrColor":7,"BlkColor":0,"Linetype":"Continuous","EntLinetype":"Continuous","LyrLnType":"Continuous","BlkLinetype":"","LTScale":1,"Elevation":0,"Thickness":0,"LineWt":100,"EntLineWt":100,"LyrLineWt":13,"BlkLineWt":-1,"RefName":"","ExtX":0,"ExtY":0,"ExtZ":1,"DocName":"Boundary_1.dwg","DocPath":"C:\\Users\\mrds\\Desktop\\Boundary_1.dwg","DocType":"DWG","DocVer":"AC1032","DocUpdate":1747669918000,"DocId":1.1734703500953825e+19,"GlobalWidth":null,"Shape_Length":23.758191677004543}},{"type":"Feature","id":199,"geometry":{"type":"LineString","coordinates":[[80.232042576425954,6.0346530059261978],[80.231962581480801,6.0347900231619658]]},"properties":{"OBJECTID":199,"FID_Polyline":330,"Entity":"LWPolyline","Handle":"550","Layer":"boundry","LyrFrzn":0,"LyrLock":0,"LyrOn":1,"LyrVPFrzn":0,"LyrHandle":"278","Color":141,"EntColor":141,"LyrColor":7,"BlkColor":0,"Linetype":"Continuous","EntLinetype":"Continuous","LyrLnType":"Continuous","BlkLinetype":"","LTScale":1,"Elevation":0,"Thickness":0,"LineWt":100,"EntLineWt":100,"LyrLineWt":13,"BlkLineWt":-1,"RefName":"","ExtX":0,"ExtY":0,"ExtZ":1,"DocName":"Boundary_1.dwg","DocPath":"C:\\Users\\mrds\\Desktop\\Boundary_1.dwg","DocType":"DWG","DocVer":"AC1032","DocUpdate":1747669918000,"DocId":1.1734703500953825e+19,"GlobalWidth":0,"Shape_Length":17.549655275980019}},{"type":"Feature","id":203,"geometry":{"type":"LineString","coordinates":[[80.231917986192144,6.0348728406214089],[80.231919164769621,6.0348703983504235]]},"properties":{"OBJECTID":203,"FID_Polyline":343,"Entity":"Line","Handle":"55D","Layer":"boundry","LyrFrzn":0,"LyrLock":0,"LyrOn":1,"LyrVPFrzn":0,"LyrHandle":"278","Color":141,"EntColor":141,"LyrColor":7,"BlkColor":0,"Linetype":"Continuous","EntLinetype":"ByLayer","LyrLnType":"Continuous","BlkLinetype":"","LTScale":1,"Elevation":0,"Thickness":0,"LineWt":100,"EntLineWt":100,"LyrLineWt":13,"BlkLineWt":-1,"RefName":"","ExtX":0,"ExtY":0,"ExtZ":1,"DocName":"Boundary_1.dwg","DocPath":"C:\\Users\\mrds\\Desktop\\Boundary_1.dwg","DocType":"DWG","DocVer":"AC1032","DocUpdate":1747669918000,"DocId":1.1734703500953825e+19,"GlobalWidth":null,"Shape_Length":0.29993345878672462}},{"type":"Feature","id":204,"geometry":{"type":"LineString","coordinates":[[80.231962581480801,6.0347900231619658],[80.231921056033755,6.0348743249591719],[80.231917986192144,6.0348728406214089]]},"properties":{"OBJECTID":204,"FID_Polyline":333,"Entity":"LWPolyline","Handle":"553","Layer":"boundry","LyrFrzn":0,"LyrLock":0,"LyrOn":1,"LyrVPFrzn":0,"LyrHandle":"278","Color":141,"EntColor":141,"LyrColor":7,"BlkColor":0,"Linetype":"Continuous","EntLinetype":"Continuous","LyrLnType":"Continuous","BlkLinetype":"","LTScale":1,"Elevation":0,"Thickness":0,"LineWt":100,"EntLineWt":100,"LyrLineWt":13,"BlkLineWt":-1,"RefName":"","ExtX":0,"ExtY":0,"ExtZ":1,"DocName":"Boundary_1.dwg","DocPath":"C:\\Users\\mrds\\Desktop\\Boundary_1.dwg","DocType":"DWG","DocVer":"AC1032","DocUpdate":1747669918000,"DocId":1.1734703500953825e+19,"GlobalWidth":0,"Shape_Length":10.771401307388521}},{"type":"Feature","id":205,"geometry":{"type":"LineString","coordinates":[[80.2316020732124,6.0349181249763939],[80.231501203886879,6.0349070708570576]]},"properties":{"OBJECTID":205,"FID_Polyline":393,"Entity":"Line","Handle":"663","Layer":"boundry","LyrFrzn":0,"LyrLock":0,"LyrOn":1,"LyrVPFrzn":0,"LyrHandle":"278","Color":141,"EntColor":141,"LyrColor":7,"BlkColor":0,"Linetype":"Continuous","EntLinetype":"ByLayer","LyrLnType":"Continuous","BlkLinetype":"","LTScale":1,"Elevation":0,"Thickness":0,"LineWt":100,"EntLineWt":100,"LyrLineWt":13,"BlkLineWt":-1,"RefName":"","ExtX":0,"ExtY":0,"ExtZ":1,"DocName":"Boundary_1.dwg","DocPath":"C:\\Users\\mrds\\Desktop\\Boundary_1.dwg","DocType":"DWG","DocVer":"AC1032","DocUpdate":1747669918000,"DocId":1.1734703500953825e+19,"GlobalWidth":null,"Shape_Length":11.233089298457884}},{"type":"Feature","id":206,"geometry":{"type":"LineString","coordinates":[[80.231699927050499,6.0349510387052092],[80.2316020732124,6.0349181249763939]]},"properties":{"OBJECTID":206,"FID_Polyline":392,"Entity":"Line","Handle":"662","Layer":"boundry","LyrFrzn":0,"LyrLock":0,"LyrOn":1,"LyrVPFrzn":0,"LyrHandle":"278","Color":141,"EntColor":141,"LyrColor":7,"BlkColor":0,"Linetype":"Continuous","EntLinetype":"ByLayer","LyrLnType":"Continuous","BlkLinetype":"","LTScale":1,"Elevation":0,"Thickness":0,"LineWt":100,"EntLineWt":100,"LyrLineWt":13,"BlkLineWt":-1,"RefName":"","ExtX":0,"ExtY":0,"ExtZ":1,"DocName":"Boundary_1.dwg","DocPath":"C:\\Users\\mrds\\Desktop\\Boundary_1.dwg","DocType":"DWG","DocVer":"AC1032","DocUpdate":1747669918000,"DocId":1.1734703500953825e+19,"GlobalWidth":null,"Shape_Length":11.427660298121912}},{"type":"Feature","id":606,"geometry":{"type":"LineString","coordinates":[[80.226371532884855,6.0370242216187417],[80.226371655735377,6.0370242244560188]]},"properties":{"OBJECTID":606,"FID_Polyline":207,"Entity":"Line","Handle":"4D5","Layer":"boundry","LyrFrzn":0,"LyrLock":0,"LyrOn":1,"LyrVPFrzn":0,"LyrHandle":"278","Color":141,"EntColor":141,"LyrColor":7,"BlkColor":0,"Linetype":"Continuous","EntLinetype":"Continuous","LyrLnType":"Continuous","BlkLinetype":"","LTScale":1,"Elevation":0,"Thickness":0,"LineWt":100,"EntLineWt":100,"LyrLineWt":13,"BlkLineWt":-1,"RefName":"","ExtX":0,"ExtY":0,"ExtZ":1,"DocName":"Boundary_1.dwg","DocPath":"C:\\Users\\mrds\\Desktop\\Boundary_1.dwg","DocType":"DWG","DocVer":"AC1032","DocUpdate":1747669918000,"DocId":1.1734703500953825e+19,"GlobalWidth":null,"Shape_Length":0.013603308631214955}},{"type":"Feature","id":607,"geometry":{"type":"LineString","coordinates":[[80.226371532884855,6.0370242216187417],[80.226371655735377,6.0370242244560188]]},"properties":{"OBJECTID":607,"FID_Polyline":413,"Entity":"LWPolyline","Handle":"74E","Layer":"offset","LyrFrzn":0,"LyrLock":0,"LyrOn":1,"LyrVPFrzn":0,"LyrHandle":"729","Color":18,"EntColor":18,"LyrColor":1,"BlkColor":0,"Linetype":"Continuous","EntLinetype":"ByLayer","LyrLnType":"Continuous","BlkLinetype":"","LTScale":1,"Elevation":0,"Thickness":0,"LineWt":15,"EntLineWt":15,"LyrLineWt":-3,"BlkLineWt":-1,"RefName":"","ExtX":0,"ExtY":0,"ExtZ":1,"DocName":"Boundary_1.dwg","DocPath":"C:\\Users\\mrds\\Desktop\\Boundary_1.dwg","DocType":"DWG","DocVer":"AC1032","DocUpdate":1747669918000,"DocId":1.1734703500953825e+19,"GlobalWidth":0,"Shape_Length":0.013603308631214955}},{"type":"Feature","id":736,"geometry":{"type":"LineString","coordinates":[[80.22865704207085,6.0315041996910717],[80.228653853088687,6.0315278189115862],[80.232411005419408,6.0322239181430994],[80.232381833067635,6.0324631790361689],[80.232356756399525,6.0327530855071698],[80.232378382030745,6.0327549229994855],[80.23240085758836,6.0324898752778608],[80.232431697147405,6.0322283139011885],[80.232431698059784,6.0322283048589806]]},"properties":{"OBJECTID":736,"FID_Polyline":null,"Entity":null,"Handle":null,"Layer":null,"LyrFrzn":null,"LyrLock":null,"LyrOn":null,"LyrVPFrzn":null,"LyrHandle":null,"Color":null,"EntColor":null,"LyrColor":null,"BlkColor":null,"Linetype":null,"EntLinetype":null,"LyrLnType":null,"BlkLinetype":null,"LTScale":null,"Elevation":null,"Thickness":null,"LineWt":null,"EntLineWt":null,"LyrLineWt":null,"BlkLineWt":null,"RefName":null,"ExtX":null,"ExtY":null,"ExtZ":null,"DocName":null,"DocPath":null,"DocType":null,"DocVer":null,"DocUpdate":null,"DocId":null,"GlobalWidth":null,"Shape_Length":545.39855416080434}},{"type":"Feature","id":739,"geometry":{"type":"LineString","coordinates":[[80.234815315765687,6.0328115507517532],[80.234848505295332,6.0328230070801974]]},"properties":{"OBJECTID":739,"FID_Polyline":12,"Entity":"Line","Handle":"412","Layer":"boundry","LyrFrzn":0,"LyrLock":0,"LyrOn":1,"LyrVPFrzn":0,"LyrHandle":"278","Color":141,"EntColor":141,"LyrColor":7,"BlkColor":0,"Linetype":"Continuous","EntLinetype":"Continuous","LyrLnType":"Continuous","BlkLinetype":"","LTScale":1,"Elevation":0,"Thickness":0,"LineWt":100,"EntLineWt":100,"LyrLineWt":13,"BlkLineWt":-1,"RefName":"","ExtX":0,"ExtY":0,"ExtZ":1,"DocName":"Boundary_1.dwg","DocPath":"C:\\Users\\mrds\\Desktop\\Boundary_1.dwg","DocType":"DWG","DocVer":"AC1032","DocUpdate":1747669918000,"DocId":1.1734703500953825e+19,"GlobalWidth":null,"Shape_Length":3.8864172962127026}}]}