{"type":"FeatureCollection","features":[{"type":"Feature","id":152,"geometry":{"type":"LineString","coordinates":[[80.233863321014837,6.0329106142962727],[80.233863207969335,6.0329107444044867]]},"properties":{"OBJECTID":152,"FID_Polyline":110,"Entity":"LWPolyline","Handle":"3CB","Layer":"DRAIN","LyrFrzn":0,"LyrLock":0,"LyrOn":1,"LyrVPFrzn":0,"LyrHandle":"275","Color":18,"EntColor":18,"LyrColor":7,"BlkColor":0,"Linetype":"Continuous","EntLinetype":"Continuous","LyrLnType":"A_CONTINUOUS_LINE","BlkLinetype":"","LTScale":1,"Elevation":0,"Thickness":0,"LineWt":5,"EntLineWt":5,"LyrLineWt":-3,"BlkLineWt":-1,"RefName":"","ExtX":0,"ExtY":0,"ExtZ":1,"DocName":"drain.dwg","DocPath":"C:\\Users\\mrds\\Desktop\\drain.dwg","DocType":"DWG","DocVer":"AC1032","DocUpdate":1747678894000,"DocId":7099799504655880192,"GlobalWidth":0,"Shape_Length":0.019068559836799472}},{"type":"Feature","id":153,"geometry":{"type":"LineString","coordinates":[[80.233863321014837,6.0329106142962727],[80.233863207969335,6.0329107444044867]]},"properties":{"OBJECTID":153,"FID_Polyline":283,"Entity":"LWPolyline","Handle":"508","Layer":"DRAIN","LyrFrzn":0,"LyrLock":0,"LyrOn":1,"LyrVPFrzn":0,"LyrHandle":"275","Color":18,"EntColor":18,"LyrColor":7,"BlkColor":0,"Linetype":"Continuous","EntLinetype":"Continuous","LyrLnType":"A_CONTINUOUS_LINE","BlkLinetype":"","LTScale":1,"Elevation":0,"Thickness":0,"LineWt":5,"EntLineWt":5,"LyrLineWt":-3,"BlkLineWt":-1,"RefName":"","ExtX":0,"ExtY":0,"ExtZ":1,"DocName":"drain.dwg","DocPath":"C:\\Users\\mrds\\Desktop\\drain.dwg","DocType":"DWG","DocVer":"AC1032","DocUpdate":1747678894000,"DocId":7099799504655880192,"GlobalWidth":0,"Shape_Length":0.019068559836799472}},{"type":"Feature","id":167,"geometry":{"type":"LineString","coordinates":[[80.232431661027022,6.0322283012046976],[80.233296590060235,6.0323877557500882],[80.23319489687907,6.0329390740415008],[80.232783823634819,6.0328633666188312],[80.232774955041876,6.0329092751158635],[80.232778246079405,6.0329099656830314]]},"properties":{"OBJECTID":167,"FID_Polyline":124,"Entity":"LWPolyline","Handle":"3D9","Layer":"DRAIN","LyrFrzn":0,"LyrLock":0,"LyrOn":1,"LyrVPFrzn":0,"LyrHandle":"275","Color":18,"EntColor":18,"LyrColor":7,"BlkColor":0,"Linetype":"Continuous","EntLinetype":"Continuous","LyrLnType":"A_CONTINUOUS_LINE","BlkLinetype":"","LTScale":1,"Elevation":0,"Thickness":0,"LineWt":5,"EntLineWt":5,"LyrLineWt":-3,"BlkLineWt":-1,"RefName":"","ExtX":0,"ExtY":0,"ExtZ":1,"DocName":"drain.dwg","DocPath":"C:\\Users\\mrds\\Desktop\\drain.dwg","DocType":"DWG","DocVer":"AC1032","DocUpdate":1747678894000,"DocId":7099799504655880192,"GlobalWidth":0,"Shape_Length":211.16872385385892}},{"type":"Feature","id":182,"geometry":{"type":"LineString","coordinates":[[80.232778246079405,6.0329099656830314],[80.232773419833137,6.0329396168766527],[80.232747296980165,6.0329373209386974],[80.23271483339839,6.0329434468511209],[80.232693503757758,6.0329554836267034]]},"properties":{"OBJECTID":182,"FID_Polyline":124,"Entity":"LWPolyline","Handle":"3D9","Layer":"DRAIN","LyrFrzn":0,"LyrLock":0,"LyrOn":1,"LyrVPFrzn":0,"LyrHandle":"275","Color":18,"EntColor":18,"LyrColor":7,"BlkColor":0,"Linetype":"Continuous","EntLinetype":"Continuous","LyrLnType":"A_CONTINUOUS_LINE","BlkLinetype":"","LTScale":1,"Elevation":0,"Thickness":0,"LineWt":5,"EntLineWt":5,"LyrLineWt":-3,"BlkLineWt":-1,"RefName":"","ExtX":0,"ExtY":0,"ExtZ":1,"DocName":"drain.dwg","DocPath":"C:\\Users\\mrds\\Desktop\\drain.dwg","DocType":"DWG","DocVer":"AC1032","DocUpdate":1747678894000,"DocId":7099799504655880192,"GlobalWidth":0,"Shape_Length":12.592699052767424}},{"type":"Feature","id":183,"geometry":{"type":"LineString","coordinates":[[80.232667000165847,6.032987127953394],[80.232693503757758,6.0329554836267034]]},"properties":{"OBJECTID":183,"FID_Polyline":129,"Entity":"Line","Handle":"3DE","Layer":"DRAIN","LyrFrzn":0,"LyrLock":0,"LyrOn":1,"LyrVPFrzn":0,"LyrHandle":"275","Color":18,"EntColor":18,"LyrColor":7,"BlkColor":0,"Linetype":"Continuous","EntLinetype":"Continuous","LyrLnType":"A_CONTINUOUS_LINE","BlkLinetype":"","LTScale":1,"Elevation":0,"Thickness":0,"LineWt":5,"EntLineWt":5,"LyrLineWt":-3,"BlkLineWt":-1,"RefName":"","ExtX":0,"ExtY":0,"ExtZ":1,"DocName":"drain.dwg","DocPath":"C:\\Users\\mrds\\Desktop\\drain.dwg","DocType":"DWG","DocVer":"AC1032","DocUpdate":1747678894000,"DocId":7099799504655880192,"GlobalWidth":null,"Shape_Length":4.566534253528614}},{"type":"Feature","id":188,"geometry":{"type":"LineString","coordinates":[[80.233273739174564,6.0329909029692894],[80.233261330283739,6.0329889643906407]]},"properties":{"OBJECTID":188,"FID_Polyline":130,"Entity":"Line","Handle":"3DF","Layer":"DRAIN","LyrFrzn":0,"LyrLock":0,"LyrOn":1,"LyrVPFrzn":0,"LyrHandle":"275","Color":18,"EntColor":18,"LyrColor":7,"BlkColor":0,"Linetype":"Continuous","EntLinetype":"Continuous","LyrLnType":"A_CONTINUOUS_LINE","BlkLinetype":"","LTScale":1,"Elevation":0,"Thickness":0,"LineWt":5,"EntLineWt":5,"LyrLineWt":-3,"BlkLineWt":-1,"RefName":"","ExtX":0,"ExtY":0,"ExtZ":1,"DocName":"drain.dwg","DocPath":"C:\\Users\\mrds\\Desktop\\drain.dwg","DocType":"DWG","DocVer":"AC1032","DocUpdate":1747678894000,"DocId":7099799504655880192,"GlobalWidth":null,"Shape_Length":1.3903129901596736}},{"type":"Feature","id":189,"geometry":{"type":"LineString","coordinates":[[80.233261148137942,6.0329913561149944],[80.233253055345003,6.0329903270635654]]},"properties":{"OBJECTID":189,"FID_Polyline":132,"Entity":"Line","Handle":"3E1","Layer":"DRAIN","LyrFrzn":0,"LyrLock":0,"LyrOn":1,"LyrVPFrzn":0,"LyrHandle":"275","Color":18,"EntColor":18,"LyrColor":7,"BlkColor":0,"Linetype":"Continuous","EntLinetype":"Continuous","LyrLnType":"A_CONTINUOUS_LINE","BlkLinetype":"","LTScale":1,"Elevation":0,"Thickness":0,"LineWt":5,"EntLineWt":5,"LyrLineWt":-3,"BlkLineWt":-1,"RefName":"","ExtX":0,"ExtY":0,"ExtZ":1,"DocName":"drain.dwg","DocPath":"C:\\Users\\mrds\\Desktop\\drain.dwg","DocType":"DWG","DocVer":"AC1032","DocUpdate":1747678894000,"DocId":7099799504655880192,"GlobalWidth":null,"Shape_Length":0.90308494036134268}},{"type":"Feature","id":190,"geometry":{"type":"LineString","coordinates":[[80.233261330283739,6.0329889643906407],[80.233261148137942,6.0329913561149944]]},"properties":{"OBJECTID":190,"FID_Polyline":131,"Entity":"Line","Handle":"3E0","Layer":"DRAIN","LyrFrzn":0,"LyrLock":0,"LyrOn":1,"LyrVPFrzn":0,"LyrHandle":"275","Color":18,"EntColor":18,"LyrColor":7,"BlkColor":0,"Linetype":"Continuous","EntLinetype":"Continuous","LyrLnType":"A_CONTINUOUS_LINE","BlkLinetype":"","LTScale":1,"Elevation":0,"Thickness":0,"LineWt":5,"EntLineWt":5,"LyrLineWt":-3,"BlkLineWt":-1,"RefName":"","ExtX":0,"ExtY":0,"ExtZ":1,"DocName":"drain.dwg","DocPath":"C:\\Users\\mrds\\Desktop\\drain.dwg","DocType":"DWG","DocVer":"AC1032","DocUpdate":1747678894000,"DocId":7099799504655880192,"GlobalWidth":null,"Shape_Length":0.26524754617826768}},{"type":"Feature","id":191,"geometry":{"type":"LineString","coordinates":[[80.232778246079405,6.0329099656830314],[80.233251865014338,6.0329964155142832]]},"properties":{"OBJECTID":191,"FID_Polyline":152,"Entity":"Line","Handle":"3F5","Layer":"DRAIN","LyrFrzn":0,"LyrLock":0,"LyrOn":1,"LyrVPFrzn":0,"LyrHandle":"275","Color":18,"EntColor":18,"LyrColor":7,"BlkColor":0,"Linetype":"Continuous","EntLinetype":"Continuous","LyrLnType":"A_CONTINUOUS_LINE","BlkLinetype":"","LTScale":1,"Elevation":0,"Thickness":0,"LineWt":5,"EntLineWt":5,"LyrLineWt":-3,"BlkLineWt":-1,"RefName":"","ExtX":0,"ExtY":0,"ExtZ":1,"DocName":"drain.dwg","DocPath":"C:\\Users\\mrds\\Desktop\\drain.dwg","DocType":"DWG","DocVer":"AC1032","DocUpdate":1747678894000,"DocId":7099799504655880192,"GlobalWidth":null,"Shape_Length":53.294880193240658}},{"type":"Feature","id":192,"geometry":{"type":"LineString","coordinates":[[80.233253055345003,6.0329903270635654],[80.233251865014338,6.0329964155142832]]},"properties":{"OBJECTID":192,"FID_Polyline":133,"Entity":"Line","Handle":"3E2","Layer":"DRAIN","LyrFrzn":0,"LyrLock":0,"LyrOn":1,"LyrVPFrzn":0,"LyrHandle":"275","Color":18,"EntColor":18,"LyrColor":7,"BlkColor":0,"Linetype":"Continuous","EntLinetype":"Continuous","LyrLnType":"A_CONTINUOUS_LINE","BlkLinetype":"","LTScale":1,"Elevation":0,"Thickness":0,"LineWt":5,"EntLineWt":5,"LyrLineWt":-3,"BlkLineWt":-1,"RefName":"","ExtX":0,"ExtY":0,"ExtZ":1,"DocName":"drain.dwg","DocPath":"C:\\Users\\mrds\\Desktop\\drain.dwg","DocType":"DWG","DocVer":"AC1032","DocUpdate":1747678894000,"DocId":7099799504655880192,"GlobalWidth":null,"Shape_Length":0.68604283365976626}},{"type":"Feature","id":193,"geometry":{"type":"LineString","coordinates":[[80.233251865014338,6.0329964155142832],[80.233249382614019,6.0330082541012731]]},"properties":{"OBJECTID":193,"FID_Polyline":134,"Entity":"Line","Handle":"3E3","Layer":"DRAIN","LyrFrzn":0,"LyrLock":0,"LyrOn":1,"LyrVPFrzn":0,"LyrHandle":"275","Color":18,"EntColor":18,"LyrColor":7,"BlkColor":0,"Linetype":"Continuous","EntLinetype":"Continuous","LyrLnType":"A_CONTINUOUS_LINE","BlkLinetype":"","LTScale":1,"Elevation":0,"Thickness":0,"LineWt":5,"EntLineWt":5,"LyrLineWt":-3,"BlkLineWt":-1,"RefName":"","ExtX":0,"ExtY":0,"ExtZ":1,"DocName":"drain.dwg","DocPath":"C:\\Users\\mrds\\Desktop\\drain.dwg","DocType":"DWG","DocVer":"AC1032","DocUpdate":1747678894000,"DocId":7099799504655880192,"GlobalWidth":null,"Shape_Length":1.3376586295562791}},{"type":"Feature","id":195,"geometry":{"type":"LineString","coordinates":[[80.232650748943357,6.0330182670716788],[80.232667000165847,6.032987127953394]]},"properties":{"OBJECTID":195,"FID_Polyline":128,"Entity":"Line","Handle":"3DD","Layer":"DRAIN","LyrFrzn":0,"LyrLock":0,"LyrOn":1,"LyrVPFrzn":0,"LyrHandle":"275","Color":18,"EntColor":18,"LyrColor":7,"BlkColor":0,"Linetype":"Continuous","EntLinetype":"Continuous","LyrLnType":"A_CONTINUOUS_LINE","BlkLinetype":"","LTScale":1,"Elevation":0,"Thickness":0,"LineWt":5,"EntLineWt":5,"LyrLineWt":-3,"BlkLineWt":-1,"RefName":"","ExtX":0,"ExtY":0,"ExtZ":1,"DocName":"drain.dwg","DocPath":"C:\\Users\\mrds\\Desktop\\drain.dwg","DocType":"DWG","DocVer":"AC1032","DocUpdate":1747678894000,"DocId":7099799504655880192,"GlobalWidth":null,"Shape_Length":3.8850459970416331}},{"type":"Feature","id":232,"geometry":{"type":"LineString","coordinates":[[80.232650748943357,6.0330182670716788],[80.232604382097747,6.0331340757727512],[80.232554152120741,6.033268467838627],[80.232530572710999,6.0333307549889597],[80.232502591320568,6.0333831409413783],[80.232476539771866,6.0334188976154444],[80.232437471459761,6.0334653085341978],[80.232406779304426,6.03349673975797],[80.232382042527291,6.0335193870228103],[80.232349535555159,6.0335436027284217]]},"properties":{"OBJECTID":232,"FID_Polyline":125,"Entity":"LWPolyline","Handle":"3DA","Layer":"DRAIN","LyrFrzn":0,"LyrLock":0,"LyrOn":1,"LyrVPFrzn":0,"LyrHandle":"275","Color":18,"EntColor":18,"LyrColor":7,"BlkColor":0,"Linetype":"Continuous","EntLinetype":"Continuous","LyrLnType":"A_CONTINUOUS_LINE","BlkLinetype":"","LTScale":1,"Elevation":0,"Thickness":0,"LineWt":5,"EntLineWt":5,"LyrLineWt":-3,"BlkLineWt":-1,"RefName":"","ExtX":0,"ExtY":0,"ExtZ":1,"DocName":"drain.dwg","DocPath":"C:\\Users\\mrds\\Desktop\\drain.dwg","DocType":"DWG","DocVer":"AC1032","DocUpdate":1747678894000,"DocId":7099799504655880192,"GlobalWidth":0,"Shape_Length":68.26153659804163}},{"type":"Feature","id":233,"geometry":{"type":"LineString","coordinates":[[80.232349535555159,6.0335436027284217],[80.232343583611865,6.0335480369464269],[80.232338755375721,6.0335506953151565]]},"properties":{"OBJECTID":233,"FID_Polyline":125,"Entity":"LWPolyline","Handle":"3DA","Layer":"DRAIN","LyrFrzn":0,"LyrLock":0,"LyrOn":1,"LyrVPFrzn":0,"LyrHandle":"275","Color":18,"EntColor":18,"LyrColor":7,"BlkColor":0,"Linetype":"Continuous","EntLinetype":"Continuous","LyrLnType":"A_CONTINUOUS_LINE","BlkLinetype":"","LTScale":1,"Elevation":0,"Thickness":0,"LineWt":5,"EntLineWt":5,"LyrLineWt":-3,"BlkLineWt":-1,"RefName":"","ExtX":0,"ExtY":0,"ExtZ":1,"DocName":"drain.dwg","DocPath":"C:\\Users\\mrds\\Desktop\\drain.dwg","DocType":"DWG","DocVer":"AC1032","DocUpdate":1747678894000,"DocId":7099799504655880192,"GlobalWidth":0,"Shape_Length":1.43132296366556}},{"type":"Feature","id":236,"geometry":{"type":"LineString","coordinates":[[80.232355154185441,6.033557249899955],[80.232373246432104,6.033545107714442],[80.232418696161432,6.0335056437817816],[80.232463563926459,6.0334573441318717],[80.232504970625143,6.033404926394895],[80.232534489268744,6.0333563744553445],[80.232551429431666,6.0333174064957591],[80.23262536248896,6.0331208033617125],[80.23266892759446,6.0330145649070035],[80.232678735437446,6.0329951374246695],[80.232699759136921,6.0329701379314127],[80.232720100522769,6.0329572103243203],[80.232753346686295,6.0329516901789138],[80.232785109096497,6.0329557162776721],[80.232790480891381,6.0329243148806162],[80.233249382614019,6.0330082541012731]]},"properties":{"OBJECTID":236,"FID_Polyline":125,"Entity":"LWPolyline","Handle":"3DA","Layer":"DRAIN","LyrFrzn":0,"LyrLock":0,"LyrOn":1,"LyrVPFrzn":0,"LyrHandle":"275","Color":18,"EntColor":18,"LyrColor":7,"BlkColor":0,"Linetype":"Continuous","EntLinetype":"Continuous","LyrLnType":"A_CONTINUOUS_LINE","BlkLinetype":"","LTScale":1,"Elevation":0,"Thickness":0,"LineWt":5,"EntLineWt":5,"LyrLineWt":-3,"BlkLineWt":-1,"RefName":"","ExtX":0,"ExtY":0,"ExtZ":1,"DocName":"drain.dwg","DocPath":"C:\\Users\\mrds\\Desktop\\drain.dwg","DocType":"DWG","DocVer":"AC1032","DocUpdate":1747678894000,"DocId":7099799504655880192,"GlobalWidth":0,"Shape_Length":141.79751517018775}},{"type":"Feature","id":241,"geometry":{"type":"LineString","coordinates":[[80.232344419963553,6.0335644546674789],[80.232355154185441,6.033557249899955]]},"properties":{"OBJECTID":241,"FID_Polyline":125,"Entity":"LWPolyline","Handle":"3DA","Layer":"DRAIN","LyrFrzn":0,"LyrLock":0,"LyrOn":1,"LyrVPFrzn":0,"LyrHandle":"275","Color":18,"EntColor":18,"LyrColor":7,"BlkColor":0,"Linetype":"Continuous","EntLinetype":"Continuous","LyrLnType":"A_CONTINUOUS_LINE","BlkLinetype":"","LTScale":1,"Elevation":0,"Thickness":0,"LineWt":5,"EntLineWt":5,"LyrLineWt":-3,"BlkLineWt":-1,"RefName":"","ExtX":0,"ExtY":0,"ExtZ":1,"DocName":"drain.dwg","DocPath":"C:\\Users\\mrds\\Desktop\\drain.dwg","DocType":"DWG","DocVer":"AC1032","DocUpdate":1747678894000,"DocId":7099799504655880192,"GlobalWidth":0,"Shape_Length":1.4306644124101584}},{"type":"Feature","id":244,"geometry":{"type":"LineString","coordinates":[[80.232338755375721,6.0335506953151565],[80.232317300359085,6.0335625131038935],[80.232306366997122,6.0335384592149381],[80.23230406105354,6.0335391089167398],[80.232320575431586,6.0335773877954448],[80.232342382495645,6.0335658217576507],[80.232344419963553,6.0335644546674789]]},"properties":{"OBJECTID":244,"FID_Polyline":125,"Entity":"LWPolyline","Handle":"3DA","Layer":"DRAIN","LyrFrzn":0,"LyrLock":0,"LyrOn":1,"LyrVPFrzn":0,"LyrHandle":"275","Color":18,"EntColor":18,"LyrColor":7,"BlkColor":0,"Linetype":"Continuous","EntLinetype":"Continuous","LyrLnType":"A_CONTINUOUS_LINE","BlkLinetype":"","LTScale":1,"Elevation":0,"Thickness":0,"LineWt":5,"EntLineWt":5,"LyrLineWt":-3,"BlkLineWt":-1,"RefName":"","ExtX":0,"ExtY":0,"ExtZ":1,"DocName":"drain.dwg","DocPath":"C:\\Users\\mrds\\Desktop\\drain.dwg","DocType":"DWG","DocVer":"AC1032","DocUpdate":1747678894000,"DocId":7099799504655880192,"GlobalWidth":0,"Shape_Length":13.512747957160498}},{"type":"Feature","id":259,"geometry":{"type":"LineString","coordinates":[[80.232250239191842,6.0343086609198506],[80.232218424074645,6.0343546251084836]]},"properties":{"OBJECTID":259,"FID_Polyline":160,"Entity":"Line","Handle":"3FD","Layer":"DRAIN","LyrFrzn":0,"LyrLock":0,"LyrOn":1,"LyrVPFrzn":0,"LyrHandle":"275","Color":18,"EntColor":18,"LyrColor":7,"BlkColor":0,"Linetype":"Continuous","EntLinetype":"Continuous","LyrLnType":"A_CONTINUOUS_LINE","BlkLinetype":"","LTScale":1,"Elevation":0,"Thickness":0,"LineWt":5,"EntLineWt":5,"LyrLineWt":-3,"BlkLineWt":-1,"RefName":"","ExtX":0,"ExtY":0,"ExtZ":1,"DocName":"drain.dwg","DocPath":"C:\\Users\\mrds\\Desktop\\drain.dwg","DocType":"DWG","DocVer":"AC1032","DocUpdate":1747678894000,"DocId":7099799504655880192,"GlobalWidth":null,"Shape_Length":6.1837717702645465}},{"type":"Feature","id":260,"geometry":{"type":"LineString","coordinates":[[80.232250239191842,6.0343086609198506],[80.232218424074645,6.0343546251084836]]},"properties":{"OBJECTID":260,"FID_Polyline":304,"Entity":"Line","Handle":"51D","Layer":"DRAIN","LyrFrzn":0,"LyrLock":0,"LyrOn":1,"LyrVPFrzn":0,"LyrHandle":"275","Color":18,"EntColor":18,"LyrColor":7,"BlkColor":0,"Linetype":"Continuous","EntLinetype":"Continuous","LyrLnType":"A_CONTINUOUS_LINE","BlkLinetype":"","LTScale":1,"Elevation":0,"Thickness":0,"LineWt":5,"EntLineWt":5,"LyrLineWt":-3,"BlkLineWt":-1,"RefName":"","ExtX":0,"ExtY":0,"ExtZ":1,"DocName":"drain.dwg","DocPath":"C:\\Users\\mrds\\Desktop\\drain.dwg","DocType":"DWG","DocVer":"AC1032","DocUpdate":1747678894000,"DocId":7099799504655880192,"GlobalWidth":null,"Shape_Length":6.1837717702645465}},{"type":"Feature","id":266,"geometry":{"type":"LineString","coordinates":[[80.232200709975018,6.0343815558814464],[80.232152991167268,6.0344687715284184]]},"properties":{"OBJECTID":266,"FID_Polyline":182,"Entity":"Line","Handle":"413","Layer":"DRAIN","LyrFrzn":0,"LyrLock":0,"LyrOn":1,"LyrVPFrzn":0,"LyrHandle":"275","Color":18,"EntColor":18,"LyrColor":7,"BlkColor":0,"Linetype":"Continuous","EntLinetype":"Continuous","LyrLnType":"A_CONTINUOUS_LINE","BlkLinetype":"","LTScale":1,"Elevation":0,"Thickness":0,"LineWt":5,"EntLineWt":5,"LyrLineWt":-3,"BlkLineWt":-1,"RefName":"","ExtX":0,"ExtY":0,"ExtZ":1,"DocName":"drain.dwg","DocPath":"C:\\Users\\mrds\\Desktop\\drain.dwg","DocType":"DWG","DocVer":"AC1032","DocUpdate":1747678894000,"DocId":7099799504655880192,"GlobalWidth":null,"Shape_Length":10.996371425124192}},{"type":"Feature","id":268,"geometry":{"type":"LineString","coordinates":[[80.232152991167268,6.0344687715284184],[80.232042576425954,6.0346530059261978]]},"properties":{"OBJECTID":268,"FID_Polyline":184,"Entity":"Line","Handle":"415","Layer":"DRAIN","LyrFrzn":0,"LyrLock":0,"LyrOn":1,"LyrVPFrzn":0,"LyrHandle":"275","Color":18,"EntColor":18,"LyrColor":7,"BlkColor":0,"Linetype":"Continuous","EntLinetype":"Continuous","LyrLnType":"A_CONTINUOUS_LINE","BlkLinetype":"","LTScale":1,"Elevation":0,"Thickness":0,"LineWt":5,"EntLineWt":5,"LyrLineWt":-3,"BlkLineWt":-1,"RefName":"","ExtX":0,"ExtY":0,"ExtZ":1,"DocName":"drain.dwg","DocPath":"C:\\Users\\mrds\\Desktop\\drain.dwg","DocType":"DWG","DocVer":"AC1032","DocUpdate":1747678894000,"DocId":7099799504655880192,"GlobalWidth":null,"Shape_Length":23.758328840434391}},{"type":"Feature","id":270,"geometry":{"type":"LineString","coordinates":[[80.232042576425954,6.0346530059261978],[80.231962581480801,6.0347900231619658]]},"properties":{"OBJECTID":270,"FID_Polyline":169,"Entity":"LWPolyline","Handle":"406","Layer":"DRAIN","LyrFrzn":0,"LyrLock":0,"LyrOn":1,"LyrVPFrzn":0,"LyrHandle":"275","Color":18,"EntColor":18,"LyrColor":7,"BlkColor":0,"Linetype":"Continuous","EntLinetype":"Continuous","LyrLnType":"A_CONTINUOUS_LINE","BlkLinetype":"","LTScale":1,"Elevation":0,"Thickness":0,"LineWt":5,"EntLineWt":5,"LyrLineWt":-3,"BlkLineWt":-1,"RefName":"","ExtX":0,"ExtY":0,"ExtZ":1,"DocName":"drain.dwg","DocPath":"C:\\Users\\mrds\\Desktop\\drain.dwg","DocType":"DWG","DocVer":"AC1032","DocUpdate":1747678894000,"DocId":7099799504655880192,"GlobalWidth":0,"Shape_Length":17.549655275980019}},{"type":"Feature","id":272,"geometry":{"type":"LineString","coordinates":[[80.231962581480801,6.0347900231619658],[80.231921056034651,6.0348743240548686],[80.231917986192144,6.0348728406214089]]},"properties":{"OBJECTID":272,"FID_Polyline":172,"Entity":"LWPolyline","Handle":"409","Layer":"DRAIN","LyrFrzn":0,"LyrLock":0,"LyrOn":1,"LyrVPFrzn":0,"LyrHandle":"275","Color":18,"EntColor":18,"LyrColor":7,"BlkColor":0,"Linetype":"Continuous","EntLinetype":"Continuous","LyrLnType":"A_CONTINUOUS_LINE","BlkLinetype":"","LTScale":1,"Elevation":0,"Thickness":0,"LineWt":5,"EntLineWt":5,"LyrLineWt":-3,"BlkLineWt":-1,"RefName":"","ExtX":0,"ExtY":0,"ExtZ":1,"DocName":"drain.dwg","DocPath":"C:\\Users\\mrds\\Desktop\\drain.dwg","DocType":"DWG","DocVer":"AC1032","DocUpdate":1747678894000,"DocId":7099799504655880192,"GlobalWidth":0,"Shape_Length":10.77126818366502}},{"type":"Feature","id":279,"geometry":{"type":"LineString","coordinates":[[80.231874298747741,6.0350378953202144],[80.231874322077047,6.0350380526938956]]},"properties":{"OBJECTID":279,"FID_Polyline":177,"Entity":"LWPolyline","Handle":"40E","Layer":"DRAIN","LyrFrzn":0,"LyrLock":0,"LyrOn":1,"LyrVPFrzn":0,"LyrHandle":"275","Color":18,"EntColor":18,"LyrColor":7,"BlkColor":0,"Linetype":"Continuous","EntLinetype":"Continuous","LyrLnType":"A_CONTINUOUS_LINE","BlkLinetype":"","LTScale":1,"Elevation":0,"Thickness":0,"LineWt":5,"EntLineWt":5,"LyrLineWt":-3,"BlkLineWt":-1,"RefName":"","ExtX":0,"ExtY":0,"ExtZ":1,"DocName":"drain.dwg","DocPath":"C:\\Users\\mrds\\Desktop\\drain.dwg","DocType":"DWG","DocVer":"AC1032","DocUpdate":1747678894000,"DocId":7099799504655880192,"GlobalWidth":0,"Shape_Length":0.017593180774149855}},{"type":"Feature","id":280,"geometry":{"type":"LineString","coordinates":[[80.231874298747741,6.0350378953202144],[80.231874322077047,6.0350380526938956]]},"properties":{"OBJECTID":280,"FID_Polyline":315,"Entity":"LWPolyline","Handle":"528","Layer":"DRAIN","LyrFrzn":0,"LyrLock":0,"LyrOn":1,"LyrVPFrzn":0,"LyrHandle":"275","Color":18,"EntColor":18,"LyrColor":7,"BlkColor":0,"Linetype":"Continuous","EntLinetype":"Continuous","LyrLnType":"A_CONTINUOUS_LINE","BlkLinetype":"","LTScale":1,"Elevation":0,"Thickness":0,"LineWt":5,"EntLineWt":5,"LyrLineWt":-3,"BlkLineWt":-1,"RefName":"","ExtX":0,"ExtY":0,"ExtZ":1,"DocName":"drain.dwg","DocPath":"C:\\Users\\mrds\\Desktop\\drain.dwg","DocType":"DWG","DocVer":"AC1032","DocUpdate":1747678894000,"DocId":7099799504655880192,"GlobalWidth":0,"Shape_Length":0.017593180774149855}},{"type":"Feature","id":281,"geometry":{"type":"LineString","coordinates":[[80.231879518729073,6.0348873235379994],[80.231874322077047,6.0350380526938956]]},"properties":{"OBJECTID":281,"FID_Polyline":171,"Entity":"Line","Handle":"408","Layer":"DRAIN","LyrFrzn":0,"LyrLock":0,"LyrOn":1,"LyrVPFrzn":0,"LyrHandle":"275","Color":18,"EntColor":18,"LyrColor":7,"BlkColor":0,"Linetype":"Continuous","EntLinetype":"Continuous","LyrLnType":"A_CONTINUOUS_LINE","BlkLinetype":"","LTScale":1,"Elevation":0,"Thickness":0,"LineWt":5,"EntLineWt":5,"LyrLineWt":-3,"BlkLineWt":-1,"RefName":"","ExtX":0,"ExtY":0,"ExtZ":1,"DocName":"drain.dwg","DocPath":"C:\\Users\\mrds\\Desktop\\drain.dwg","DocType":"DWG","DocVer":"AC1032","DocUpdate":1747678894000,"DocId":7099799504655880192,"GlobalWidth":null,"Shape_Length":16.67775741957378}},{"type":"Feature","id":282,"geometry":{"type":"LineString","coordinates":[[80.231879518729073,6.0348873235379994],[80.231874322077047,6.0350380526938956]]},"properties":{"OBJECTID":282,"FID_Polyline":310,"Entity":"Line","Handle":"523","Layer":"DRAIN","LyrFrzn":0,"LyrLock":0,"LyrOn":1,"LyrVPFrzn":0,"LyrHandle":"275","Color":18,"EntColor":18,"LyrColor":7,"BlkColor":0,"Linetype":"Continuous","EntLinetype":"Continuous","LyrLnType":"A_CONTINUOUS_LINE","BlkLinetype":"","LTScale":1,"Elevation":0,"Thickness":0,"LineWt":5,"EntLineWt":5,"LyrLineWt":-3,"BlkLineWt":-1,"RefName":"","ExtX":0,"ExtY":0,"ExtZ":1,"DocName":"drain.dwg","DocPath":"C:\\Users\\mrds\\Desktop\\drain.dwg","DocType":"DWG","DocVer":"AC1032","DocUpdate":1747678894000,"DocId":7099799504655880192,"GlobalWidth":null,"Shape_Length":16.67775741957378}},{"type":"Feature","id":285,"geometry":{"type":"LineString","coordinates":[[80.231874322077047,6.0350380526938956],[80.231874316483555,6.035038226316229]]},"properties":{"OBJECTID":285,"FID_Polyline":171,"Entity":"Line","Handle":"408","Layer":"DRAIN","LyrFrzn":0,"LyrLock":0,"LyrOn":1,"LyrVPFrzn":0,"LyrHandle":"275","Color":18,"EntColor":18,"LyrColor":7,"BlkColor":0,"Linetype":"Continuous","EntLinetype":"Continuous","LyrLnType":"A_CONTINUOUS_LINE","BlkLinetype":"","LTScale":1,"Elevation":0,"Thickness":0,"LineWt":5,"EntLineWt":5,"LyrLineWt":-3,"BlkLineWt":-1,"RefName":"","ExtX":0,"ExtY":0,"ExtZ":1,"DocName":"drain.dwg","DocPath":"C:\\Users\\mrds\\Desktop\\drain.dwg","DocType":"DWG","DocVer":"AC1032","DocUpdate":1747678894000,"DocId":7099799504655880192,"GlobalWidth":null,"Shape_Length":0.019209373621058588}},{"type":"Feature","id":286,"geometry":{"type":"LineString","coordinates":[[80.231874322077047,6.0350380526938956],[80.231874316483555,6.035038226316229]]},"properties":{"OBJECTID":286,"FID_Polyline":310,"Entity":"Line","Handle":"523","Layer":"DRAIN","LyrFrzn":0,"LyrLock":0,"LyrOn":1,"LyrVPFrzn":0,"LyrHandle":"275","Color":18,"EntColor":18,"LyrColor":7,"BlkColor":0,"Linetype":"Continuous","EntLinetype":"Continuous","LyrLnType":"A_CONTINUOUS_LINE","BlkLinetype":"","LTScale":1,"Elevation":0,"Thickness":0,"LineWt":5,"EntLineWt":5,"LyrLineWt":-3,"BlkLineWt":-1,"RefName":"","ExtX":0,"ExtY":0,"ExtZ":1,"DocName":"drain.dwg","DocPath":"C:\\Users\\mrds\\Desktop\\drain.dwg","DocType":"DWG","DocVer":"AC1032","DocUpdate":1747678894000,"DocId":7099799504655880192,"GlobalWidth":null,"Shape_Length":0.019209373621058588}},{"type":"Feature","id":287,"geometry":{"type":"LineString","coordinates":[[80.231874322077047,6.0350380526938956],[80.23188273402738,6.035093959364227]]},"properties":{"OBJECTID":287,"FID_Polyline":177,"Entity":"LWPolyline","Handle":"40E","Layer":"DRAIN","LyrFrzn":0,"LyrLock":0,"LyrOn":1,"LyrVPFrzn":0,"LyrHandle":"275","Color":18,"EntColor":18,"LyrColor":7,"BlkColor":0,"Linetype":"Continuous","EntLinetype":"Continuous","LyrLnType":"A_CONTINUOUS_LINE","BlkLinetype":"","LTScale":1,"Elevation":0,"Thickness":0,"LineWt":5,"EntLineWt":5,"LyrLineWt":-3,"BlkLineWt":-1,"RefName":"","ExtX":0,"ExtY":0,"ExtZ":1,"DocName":"drain.dwg","DocPath":"C:\\Users\\mrds\\Desktop\\drain.dwg","DocType":"DWG","DocVer":"AC1032","DocUpdate":1747678894000,"DocId":7099799504655880192,"GlobalWidth":0,"Shape_Length":6.2519747634135809}},{"type":"Feature","id":288,"geometry":{"type":"LineString","coordinates":[[80.231874322077047,6.0350380526938956],[80.23188273402738,6.035093959364227]]},"properties":{"OBJECTID":288,"FID_Polyline":315,"Entity":"LWPolyline","Handle":"528","Layer":"DRAIN","LyrFrzn":0,"LyrLock":0,"LyrOn":1,"LyrVPFrzn":0,"LyrHandle":"275","Color":18,"EntColor":18,"LyrColor":7,"BlkColor":0,"Linetype":"Continuous","EntLinetype":"Continuous","LyrLnType":"A_CONTINUOUS_LINE","BlkLinetype":"","LTScale":1,"Elevation":0,"Thickness":0,"LineWt":5,"EntLineWt":5,"LyrLineWt":-3,"BlkLineWt":-1,"RefName":"","ExtX":0,"ExtY":0,"ExtZ":1,"DocName":"drain.dwg","DocPath":"C:\\Users\\mrds\\Desktop\\drain.dwg","DocType":"DWG","DocVer":"AC1032","DocUpdate":1747678894000,"DocId":7099799504655880192,"GlobalWidth":0,"Shape_Length":6.2519747634135809}},{"type":"Feature","id":291,"geometry":{"type":"LineString","coordinates":[[80.231951608230759,6.0352813593146566],[80.231933026055785,6.0352440414462594],[80.231916059122241,6.0352048333742596],[80.231901194250398,6.0351647140520761],[80.231889510189703,6.0351271263722674],[80.23188273402738,6.035093959364227]]},"properties":{"OBJECTID":291,"FID_Polyline":164,"Entity":"LWPolyline","Handle":"401","Layer":"DRAIN","LyrFrzn":0,"LyrLock":0,"LyrOn":1,"LyrVPFrzn":0,"LyrHandle":"275","Color":18,"EntColor":18,"LyrColor":7,"BlkColor":0,"Linetype":"Continuous","EntLinetype":"Continuous","LyrLnType":"A_CONTINUOUS_LINE","BlkLinetype":"","LTScale":1,"Elevation":0,"Thickness":0,"LineWt":5,"EntLineWt":5,"LyrLineWt":-3,"BlkLineWt":-1,"RefName":"","ExtX":0,"ExtY":0,"ExtZ":1,"DocName":"drain.dwg","DocPath":"C:\\Users\\mrds\\Desktop\\drain.dwg","DocType":"DWG","DocVer":"AC1032","DocUpdate":1747678894000,"DocId":7099799504655880192,"GlobalWidth":0,"Shape_Length":22.16446757965921}},{"type":"Feature","id":292,"geometry":{"type":"LineString","coordinates":[[80.231951608230759,6.0352813593146566],[80.231933026055785,6.0352440414462594],[80.231916059122241,6.0352048333742596],[80.231901194250398,6.0351647140520761],[80.231889510189703,6.0351271263722674],[80.23188273402738,6.035093959364227]]},"properties":{"OBJECTID":292,"FID_Polyline":306,"Entity":"LWPolyline","Handle":"51F","Layer":"DRAIN","LyrFrzn":0,"LyrLock":0,"LyrOn":1,"LyrVPFrzn":0,"LyrHandle":"275","Color":18,"EntColor":18,"LyrColor":7,"BlkColor":0,"Linetype":"Continuous","EntLinetype":"Continuous","LyrLnType":"A_CONTINUOUS_LINE","BlkLinetype":"","LTScale":1,"Elevation":0,"Thickness":0,"LineWt":5,"EntLineWt":5,"LyrLineWt":-3,"BlkLineWt":-1,"RefName":"","ExtX":0,"ExtY":0,"ExtZ":1,"DocName":"drain.dwg","DocPath":"C:\\Users\\mrds\\Desktop\\drain.dwg","DocType":"DWG","DocVer":"AC1032","DocUpdate":1747678894000,"DocId":7099799504655880192,"GlobalWidth":0,"Shape_Length":22.16446757965921}},{"type":"Feature","id":293,"geometry":{"type":"LineString","coordinates":[[80.232012921110993,6.035280301179351],[80.231951608230759,6.0352813593146566]]},"properties":{"OBJECTID":293,"FID_Polyline":166,"Entity":"Line","Handle":"403","Layer":"DRAIN","LyrFrzn":0,"LyrLock":0,"LyrOn":1,"LyrVPFrzn":0,"LyrHandle":"275","Color":18,"EntColor":18,"LyrColor":7,"BlkColor":0,"Linetype":"Continuous","EntLinetype":"Continuous","LyrLnType":"A_CONTINUOUS_LINE","BlkLinetype":"","LTScale":1,"Elevation":0,"Thickness":0,"LineWt":5,"EntLineWt":5,"LyrLineWt":-3,"BlkLineWt":-1,"RefName":"","ExtX":0,"ExtY":0,"ExtZ":1,"DocName":"drain.dwg","DocPath":"C:\\Users\\mrds\\Desktop\\drain.dwg","DocType":"DWG","DocVer":"AC1032","DocUpdate":1747678894000,"DocId":7099799504655880192,"GlobalWidth":null,"Shape_Length":6.7884289588680629}},{"type":"Feature","id":294,"geometry":{"type":"LineString","coordinates":[[80.232012921110993,6.035280301179351],[80.231951608230759,6.0352813593146566]]},"properties":{"OBJECTID":294,"FID_Polyline":308,"Entity":"Line","Handle":"521","Layer":"DRAIN","LyrFrzn":0,"LyrLock":0,"LyrOn":1,"LyrVPFrzn":0,"LyrHandle":"275","Color":18,"EntColor":18,"LyrColor":7,"BlkColor":0,"Linetype":"Continuous","EntLinetype":"Continuous","LyrLnType":"A_CONTINUOUS_LINE","BlkLinetype":"","LTScale":1,"Elevation":0,"Thickness":0,"LineWt":5,"EntLineWt":5,"LyrLineWt":-3,"BlkLineWt":-1,"RefName":"","ExtX":0,"ExtY":0,"ExtZ":1,"DocName":"drain.dwg","DocPath":"C:\\Users\\mrds\\Desktop\\drain.dwg","DocType":"DWG","DocVer":"AC1032","DocUpdate":1747678894000,"DocId":7099799504655880192,"GlobalWidth":null,"Shape_Length":6.7884289588680629}},{"type":"Feature","id":299,"geometry":{"type":"LineString","coordinates":[[80.229472742919469,6.0357720084904303],[80.228256885809571,6.0357822386982134]]},"properties":{"OBJECTID":299,"FID_Polyline":10,"Entity":"Line","Handle":"367","Layer":"DRAIN","LyrFrzn":0,"LyrLock":0,"LyrOn":1,"LyrVPFrzn":0,"LyrHandle":"275","Color":18,"EntColor":18,"LyrColor":7,"BlkColor":0,"Linetype":"Continuous","EntLinetype":"Continuous","LyrLnType":"A_CONTINUOUS_LINE","BlkLinetype":"","LTScale":1,"Elevation":0,"Thickness":0,"LineWt":5,"EntLineWt":5,"LyrLineWt":-3,"BlkLineWt":-1,"RefName":"","ExtX":0,"ExtY":0,"ExtZ":1,"DocName":"drain.dwg","DocPath":"C:\\Users\\mrds\\Desktop\\drain.dwg","DocType":"DWG","DocVer":"AC1032","DocUpdate":1747678894000,"DocId":7099799504655880192,"GlobalWidth":null,"Shape_Length":134.60176041324124}},{"type":"Feature","id":300,"geometry":{"type":"LineString","coordinates":[[80.229472742919469,6.0357720084904303],[80.228256885809571,6.0357822386982134]]},"properties":{"OBJECTID":300,"FID_Polyline":230,"Entity":"Line","Handle":"4D3","Layer":"DRAIN","LyrFrzn":0,"LyrLock":0,"LyrOn":1,"LyrVPFrzn":0,"LyrHandle":"275","Color":18,"EntColor":18,"LyrColor":7,"BlkColor":0,"Linetype":"Continuous","EntLinetype":"Continuous","LyrLnType":"A_CONTINUOUS_LINE","BlkLinetype":"","LTScale":1,"Elevation":0,"Thickness":0,"LineWt":5,"EntLineWt":5,"LyrLineWt":-3,"BlkLineWt":-1,"RefName":"","ExtX":0,"ExtY":0,"ExtZ":1,"DocName":"drain.dwg","DocPath":"C:\\Users\\mrds\\Desktop\\drain.dwg","DocType":"DWG","DocVer":"AC1032","DocUpdate":1747678894000,"DocId":7099799504655880192,"GlobalWidth":null,"Shape_Length":134.60176041324124}},{"type":"Feature","id":301,"geometry":{"type":"LineString","coordinates":[[80.229443987704755,6.0358245399637447],[80.228256820358595,6.035834716736141]]},"properties":{"OBJECTID":301,"FID_Polyline":9,"Entity":"Line","Handle":"366","Layer":"DRAIN","LyrFrzn":0,"LyrLock":0,"LyrOn":1,"LyrVPFrzn":0,"LyrHandle":"275","Color":18,"EntColor":18,"LyrColor":7,"BlkColor":0,"Linetype":"Continuous","EntLinetype":"Continuous","LyrLnType":"A_CONTINUOUS_LINE","BlkLinetype":"","LTScale":1,"Elevation":0,"Thickness":0,"LineWt":5,"EntLineWt":5,"LyrLineWt":-3,"BlkLineWt":-1,"RefName":"","ExtX":0,"ExtY":0,"ExtZ":1,"DocName":"drain.dwg","DocPath":"C:\\Users\\mrds\\Desktop\\drain.dwg","DocType":"DWG","DocVer":"AC1032","DocUpdate":1747678894000,"DocId":7099799504655880192,"GlobalWidth":null,"Shape_Length":131.42581705992941}},{"type":"Feature","id":302,"geometry":{"type":"LineString","coordinates":[[80.229443987704755,6.0358245399637447],[80.228256820358595,6.035834716736141]]},"properties":{"OBJECTID":302,"FID_Polyline":229,"Entity":"Line","Handle":"4D2","Layer":"DRAIN","LyrFrzn":0,"LyrLock":0,"LyrOn":1,"LyrVPFrzn":0,"LyrHandle":"275","Color":18,"EntColor":18,"LyrColor":7,"BlkColor":0,"Linetype":"Continuous","EntLinetype":"Continuous","LyrLnType":"A_CONTINUOUS_LINE","BlkLinetype":"","LTScale":1,"Elevation":0,"Thickness":0,"LineWt":5,"EntLineWt":5,"LyrLineWt":-3,"BlkLineWt":-1,"RefName":"","ExtX":0,"ExtY":0,"ExtZ":1,"DocName":"drain.dwg","DocPath":"C:\\Users\\mrds\\Desktop\\drain.dwg","DocType":"DWG","DocVer":"AC1032","DocUpdate":1747678894000,"DocId":7099799504655880192,"GlobalWidth":null,"Shape_Length":131.42581705992941}},{"type":"Feature","id":303,"geometry":{"type":"LineString","coordinates":[[80.229475524942686,6.0358568230700635],[80.229474000778183,6.0358498673792562],[80.229470940589295,6.0358432700590052],[80.229466437329307,6.0358371207296839],[80.229460760636698,6.035831875435675],[80.229454087112217,6.0358279847018856],[80.229443987704755,6.0358245399637447]]},"properties":{"OBJECTID":303,"FID_Polyline":5,"Entity":"LWPolyline","Handle":"362","Layer":"DRAIN","LyrFrzn":0,"LyrLock":0,"LyrOn":1,"LyrVPFrzn":0,"LyrHandle":"275","Color":18,"EntColor":18,"LyrColor":7,"BlkColor":0,"Linetype":"Continuous","EntLinetype":"Continuous","LyrLnType":"A_CONTINUOUS_LINE","BlkLinetype":"","LTScale":1,"Elevation":0,"Thickness":0,"LineWt":5,"EntLineWt":5,"LyrLineWt":-3,"BlkLineWt":-1,"RefName":"","ExtX":0,"ExtY":0,"ExtZ":1,"DocName":"drain.dwg","DocPath":"C:\\Users\\mrds\\Desktop\\drain.dwg","DocType":"DWG","DocVer":"AC1032","DocUpdate":1747678894000,"DocId":7099799504655880192,"GlobalWidth":0,"Shape_Length":5.3262145884716325}},{"type":"Feature","id":304,"geometry":{"type":"LineString","coordinates":[[80.229475524942686,6.0358568230700635],[80.229474000778183,6.0358498673792562],[80.229470940589295,6.0358432700590052],[80.229466437329307,6.0358371207296839],[80.229460760636698,6.035831875435675],[80.229454087112217,6.0358279847018856],[80.229443987704755,6.0358245399637447]]},"properties":{"OBJECTID":304,"FID_Polyline":225,"Entity":"LWPolyline","Handle":"4CE","Layer":"DRAIN","LyrFrzn":0,"LyrLock":0,"LyrOn":1,"LyrVPFrzn":0,"LyrHandle":"275","Color":18,"EntColor":18,"LyrColor":7,"BlkColor":0,"Linetype":"Continuous","EntLinetype":"Continuous","LyrLnType":"A_CONTINUOUS_LINE","BlkLinetype":"","LTScale":1,"Elevation":0,"Thickness":0,"LineWt":5,"EntLineWt":5,"LyrLineWt":-3,"BlkLineWt":-1,"RefName":"","ExtX":0,"ExtY":0,"ExtZ":1,"DocName":"drain.dwg","DocPath":"C:\\Users\\mrds\\Desktop\\drain.dwg","DocType":"DWG","DocVer":"AC1032","DocUpdate":1747678894000,"DocId":7099799504655880192,"GlobalWidth":0,"Shape_Length":5.3262145884716325}},{"type":"Feature","id":305,"geometry":{"type":"LineString","coordinates":[[80.229526499452319,6.0358591441791951],[80.229529126279303,6.0358511083948923],[80.229534007183631,6.0358437097051727],[80.229544393627236,6.0358347801285408]]},"properties":{"OBJECTID":305,"FID_Polyline":6,"Entity":"LWPolyline","Handle":"363","Layer":"DRAIN","LyrFrzn":0,"LyrLock":0,"LyrOn":1,"LyrVPFrzn":0,"LyrHandle":"275","Color":18,"EntColor":18,"LyrColor":7,"BlkColor":0,"Linetype":"Continuous","EntLinetype":"Continuous","LyrLnType":"A_CONTINUOUS_LINE","BlkLinetype":"","LTScale":1,"Elevation":0,"Thickness":0,"LineWt":5,"EntLineWt":5,"LyrLineWt":-3,"BlkLineWt":-1,"RefName":"","ExtX":0,"ExtY":0,"ExtZ":1,"DocName":"drain.dwg","DocPath":"C:\\Users\\mrds\\Desktop\\drain.dwg","DocType":"DWG","DocVer":"AC1032","DocUpdate":1747678894000,"DocId":7099799504655880192,"GlobalWidth":0,"Shape_Length":3.4310623220539331}},{"type":"Feature","id":306,"geometry":{"type":"LineString","coordinates":[[80.229526499452319,6.0358591441791951],[80.229529126279303,6.0358511083948923],[80.229534007183631,6.0358437097051727],[80.229544393627236,6.0358347801285408]]},"properties":{"OBJECTID":306,"FID_Polyline":226,"Entity":"LWPolyline","Handle":"4CF","Layer":"DRAIN","LyrFrzn":0,"LyrLock":0,"LyrOn":1,"LyrVPFrzn":0,"LyrHandle":"275","Color":18,"EntColor":18,"LyrColor":7,"BlkColor":0,"Linetype":"Continuous","EntLinetype":"Continuous","LyrLnType":"A_CONTINUOUS_LINE","BlkLinetype":"","LTScale":1,"Elevation":0,"Thickness":0,"LineWt":5,"EntLineWt":5,"LyrLineWt":-3,"BlkLineWt":-1,"RefName":"","ExtX":0,"ExtY":0,"ExtZ":1,"DocName":"drain.dwg","DocPath":"C:\\Users\\mrds\\Desktop\\drain.dwg","DocType":"DWG","DocVer":"AC1032","DocUpdate":1747678894000,"DocId":7099799504655880192,"GlobalWidth":0,"Shape_Length":3.4310623220539331}},{"type":"Feature","id":307,"geometry":{"type":"LineString","coordinates":[[80.228210847984812,6.035874219536641],[80.228213382867168,6.0358669062126342],[80.228217090089331,6.0358597767418285],[80.228221880764451,6.0358531891419265],[80.228227752903834,6.0358473242732007],[80.228234435234313,6.0358424540598223],[80.228241658470395,6.0358386704700147],[80.228249240050118,6.0358360619421569],[80.228256820358595,6.035834716736141]]},"properties":{"OBJECTID":307,"FID_Polyline":8,"Entity":"LWPolyline","Handle":"365","Layer":"DRAIN","LyrFrzn":0,"LyrLock":0,"LyrOn":1,"LyrVPFrzn":0,"LyrHandle":"275","Color":18,"EntColor":18,"LyrColor":7,"BlkColor":0,"Linetype":"Continuous","EntLinetype":"Continuous","LyrLnType":"A_CONTINUOUS_LINE","BlkLinetype":"","LTScale":1,"Elevation":0,"Thickness":0,"LineWt":5,"EntLineWt":5,"LyrLineWt":-3,"BlkLineWt":-1,"RefName":"","ExtX":0,"ExtY":0,"ExtZ":1,"DocName":"drain.dwg","DocPath":"C:\\Users\\mrds\\Desktop\\drain.dwg","DocType":"DWG","DocVer":"AC1032","DocUpdate":1747678894000,"DocId":7099799504655880192,"GlobalWidth":0,"Shape_Length":7.1213377355301128}},{"type":"Feature","id":308,"geometry":{"type":"LineString","coordinates":[[80.228210847984812,6.035874219536641],[80.228213382867168,6.0358669062126342],[80.228217090089331,6.0358597767418285],[80.228221880764451,6.0358531891419265],[80.228227752903834,6.0358473242732007],[80.228234435234313,6.0358424540598223],[80.228241658470395,6.0358386704700147],[80.228249240050118,6.0358360619421569],[80.228256820358595,6.035834716736141]]},"properties":{"OBJECTID":308,"FID_Polyline":228,"Entity":"LWPolyline","Handle":"4D1","Layer":"DRAIN","LyrFrzn":0,"LyrLock":0,"LyrOn":1,"LyrVPFrzn":0,"LyrHandle":"275","Color":18,"EntColor":18,"LyrColor":7,"BlkColor":0,"Linetype":"Continuous","EntLinetype":"Continuous","LyrLnType":"A_CONTINUOUS_LINE","BlkLinetype":"","LTScale":1,"Elevation":0,"Thickness":0,"LineWt":5,"EntLineWt":5,"LyrLineWt":-3,"BlkLineWt":-1,"RefName":"","ExtX":0,"ExtY":0,"ExtZ":1,"DocName":"drain.dwg","DocPath":"C:\\Users\\mrds\\Desktop\\drain.dwg","DocType":"DWG","DocVer":"AC1032","DocUpdate":1747678894000,"DocId":7099799504655880192,"GlobalWidth":0,"Shape_Length":7.1213377355301128}},{"type":"Feature","id":309,"geometry":{"type":"LineString","coordinates":[[80.228154817071626,6.0358759553722399],[80.228158356701726,6.0358585283373669],[80.228165055280087,6.0358411044884788],[80.228175180185673,6.0358245884066521],[80.228181415383062,6.0358170093299091],[80.228188370802258,6.0358100630932228],[80.228195957914991,6.03580375141589],[80.228203994161092,6.0357981609276754],[80.228221238437769,6.0357895104919876],[80.228239198401226,6.0357842040172294],[80.228256885809571,6.0357822386982134]]},"properties":{"OBJECTID":309,"FID_Polyline":7,"Entity":"LWPolyline","Handle":"364","Layer":"DRAIN","LyrFrzn":0,"LyrLock":0,"LyrOn":1,"LyrVPFrzn":0,"LyrHandle":"275","Color":18,"EntColor":18,"LyrColor":7,"BlkColor":0,"Linetype":"Continuous","EntLinetype":"Continuous","LyrLnType":"A_CONTINUOUS_LINE","BlkLinetype":"","LTScale":1,"Elevation":0,"Thickness":0,"LineWt":5,"EntLineWt":5,"LyrLineWt":-3,"BlkLineWt":-1,"RefName":"","ExtX":0,"ExtY":0,"ExtZ":1,"DocName":"drain.dwg","DocPath":"C:\\Users\\mrds\\Desktop\\drain.dwg","DocType":"DWG","DocVer":"AC1032","DocUpdate":1747678894000,"DocId":7099799504655880192,"GlobalWidth":0,"Shape_Length":16.700924523389588}},{"type":"Feature","id":310,"geometry":{"type":"LineString","coordinates":[[80.228154817071626,6.0358759553722399],[80.228158356701726,6.0358585283373669],[80.228165055280087,6.0358411044884788],[80.228175180185673,6.0358245884066521],[80.228181415383062,6.0358170093299091],[80.228188370802258,6.0358100630932228],[80.228195957914991,6.03580375141589],[80.228203994161092,6.0357981609276754],[80.228221238437769,6.0357895104919876],[80.228239198401226,6.0357842040172294],[80.228256885809571,6.0357822386982134]]},"properties":{"OBJECTID":310,"FID_Polyline":227,"Entity":"LWPolyline","Handle":"4D0","Layer":"DRAIN","LyrFrzn":0,"LyrLock":0,"LyrOn":1,"LyrVPFrzn":0,"LyrHandle":"275","Color":18,"EntColor":18,"LyrColor":7,"BlkColor":0,"Linetype":"Continuous","EntLinetype":"Continuous","LyrLnType":"A_CONTINUOUS_LINE","BlkLinetype":"","LTScale":1,"Elevation":0,"Thickness":0,"LineWt":5,"EntLineWt":5,"LyrLineWt":-3,"BlkLineWt":-1,"RefName":"","ExtX":0,"ExtY":0,"ExtZ":1,"DocName":"drain.dwg","DocPath":"C:\\Users\\mrds\\Desktop\\drain.dwg","DocType":"DWG","DocVer":"AC1032","DocUpdate":1747678894000,"DocId":7099799504655880192,"GlobalWidth":0,"Shape_Length":16.700924523389588}},{"type":"Feature","id":311,"geometry":{"type":"LineString","coordinates":[[80.228210847984812,6.035874219536641],[80.228219558609808,6.0361248709261908],[80.228219192547115,6.0364203995668673]]},"properties":{"OBJECTID":311,"FID_Polyline":12,"Entity":"LWPolyline","Handle":"369","Layer":"DRAIN","LyrFrzn":0,"LyrLock":0,"LyrOn":1,"LyrVPFrzn":0,"LyrHandle":"275","Color":18,"EntColor":18,"LyrColor":7,"BlkColor":0,"Linetype":"Continuous","EntLinetype":"Continuous","LyrLnType":"A_CONTINUOUS_LINE","BlkLinetype":"","LTScale":1,"Elevation":0,"Thickness":0,"LineWt":5,"EntLineWt":5,"LyrLineWt":-3,"BlkLineWt":-1,"RefName":"","ExtX":0,"ExtY":0,"ExtZ":1,"DocName":"drain.dwg","DocPath":"C:\\Users\\mrds\\Desktop\\drain.dwg","DocType":"DWG","DocVer":"AC1032","DocUpdate":1747678894000,"DocId":7099799504655880192,"GlobalWidth":0,"Shape_Length":60.414154733208562}},{"type":"Feature","id":312,"geometry":{"type":"LineString","coordinates":[[80.228210847984812,6.035874219536641],[80.228219558609808,6.0361248709261908],[80.228219192547115,6.0364203995668673]]},"properties":{"OBJECTID":312,"FID_Polyline":232,"Entity":"LWPolyline","Handle":"4D5","Layer":"DRAIN","LyrFrzn":0,"LyrLock":0,"LyrOn":1,"LyrVPFrzn":0,"LyrHandle":"275","Color":18,"EntColor":18,"LyrColor":7,"BlkColor":0,"Linetype":"Continuous","EntLinetype":"Continuous","LyrLnType":"A_CONTINUOUS_LINE","BlkLinetype":"","LTScale":1,"Elevation":0,"Thickness":0,"LineWt":5,"EntLineWt":5,"LyrLineWt":-3,"BlkLineWt":-1,"RefName":"","ExtX":0,"ExtY":0,"ExtZ":1,"DocName":"drain.dwg","DocPath":"C:\\Users\\mrds\\Desktop\\drain.dwg","DocType":"DWG","DocVer":"AC1032","DocUpdate":1747678894000,"DocId":7099799504655880192,"GlobalWidth":0,"Shape_Length":60.414154733208562}},{"type":"Feature","id":313,"geometry":{"type":"LineString","coordinates":[[80.228154817071626,6.0358759553722399],[80.228163168058771,6.0361257943258835],[80.22816279234037,6.0364290909900387]]},"properties":{"OBJECTID":313,"FID_Polyline":11,"Entity":"LWPolyline","Handle":"368","Layer":"DRAIN","LyrFrzn":0,"LyrLock":0,"LyrOn":1,"LyrVPFrzn":0,"LyrHandle":"275","Color":18,"EntColor":18,"LyrColor":7,"BlkColor":0,"Linetype":"Continuous","EntLinetype":"Continuous","LyrLnType":"A_CONTINUOUS_LINE","BlkLinetype":"","LTScale":1,"Elevation":0,"Thickness":0,"LineWt":5,"EntLineWt":5,"LyrLineWt":-3,"BlkLineWt":-1,"RefName":"","ExtX":0,"ExtY":0,"ExtZ":1,"DocName":"drain.dwg","DocPath":"C:\\Users\\mrds\\Desktop\\drain.dwg","DocType":"DWG","DocVer":"AC1032","DocUpdate":1747678894000,"DocId":7099799504655880192,"GlobalWidth":0,"Shape_Length":61.182009116083208}},{"type":"Feature","id":314,"geometry":{"type":"LineString","coordinates":[[80.228154817071626,6.0358759553722399],[80.228163168058771,6.0361257943258835],[80.22816279234037,6.0364290909900387]]},"properties":{"OBJECTID":314,"FID_Polyline":231,"Entity":"LWPolyline","Handle":"4D4","Layer":"DRAIN","LyrFrzn":0,"LyrLock":0,"LyrOn":1,"LyrVPFrzn":0,"LyrHandle":"275","Color":18,"EntColor":18,"LyrColor":7,"BlkColor":0,"Linetype":"Continuous","EntLinetype":"Continuous","LyrLnType":"A_CONTINUOUS_LINE","BlkLinetype":"","LTScale":1,"Elevation":0,"Thickness":0,"LineWt":5,"EntLineWt":5,"LyrLineWt":-3,"BlkLineWt":-1,"RefName":"","ExtX":0,"ExtY":0,"ExtZ":1,"DocName":"drain.dwg","DocPath":"C:\\Users\\mrds\\Desktop\\drain.dwg","DocType":"DWG","DocVer":"AC1032","DocUpdate":1747678894000,"DocId":7099799504655880192,"GlobalWidth":0,"Shape_Length":61.182009116083208}},{"type":"Feature","id":390,"geometry":{"type":"LineString","coordinates":[[80.22663021919125,6.0369217454645288],[80.226495422911853,6.0369404893021201]]},"properties":{"OBJECTID":390,"FID_Polyline":448,"Entity":"Line","Handle":"68B","Layer":"DRAIN","LyrFrzn":0,"LyrLock":0,"LyrOn":1,"LyrVPFrzn":0,"LyrHandle":"275","Color":18,"EntColor":18,"LyrColor":7,"BlkColor":0,"Linetype":"A_CONTINUOUS_LINE","EntLinetype":"ByLayer","LyrLnType":"A_CONTINUOUS_LINE","BlkLinetype":"","LTScale":1,"Elevation":0,"Thickness":0,"LineWt":100,"EntLineWt":100,"LyrLineWt":-3,"BlkLineWt":-1,"RefName":"","ExtX":0,"ExtY":0,"ExtZ":1,"DocName":"drain.dwg","DocPath":"C:\\Users\\mrds\\Desktop\\drain.dwg","DocType":"DWG","DocVer":"AC1032","DocUpdate":1747678894000,"DocId":7099799504655880192,"GlobalWidth":null,"Shape_Length":15.065367862657862}},{"type":"Feature","id":449,"geometry":{"type":"LineString","coordinates":[[80.226697434829433,6.0370556045001624],[80.226657492824486,6.0370432745082514]]},"properties":{"OBJECTID":449,"FID_Polyline":456,"Entity":"Line","Handle":"693","Layer":"DRAIN","LyrFrzn":0,"LyrLock":0,"LyrOn":1,"LyrVPFrzn":0,"LyrHandle":"275","Color":18,"EntColor":18,"LyrColor":7,"BlkColor":0,"Linetype":"A_CONTINUOUS_LINE","EntLinetype":"ByLayer","LyrLnType":"A_CONTINUOUS_LINE","BlkLinetype":"","LTScale":1,"Elevation":0,"Thickness":0,"LineWt":100,"EntLineWt":100,"LyrLineWt":-3,"BlkLineWt":-1,"RefName":"","ExtX":0,"ExtY":0,"ExtZ":1,"DocName":"drain.dwg","DocPath":"C:\\Users\\mrds\\Desktop\\drain.dwg","DocType":"DWG","DocVer":"AC1032","DocUpdate":1747678894000,"DocId":7099799504655880192,"GlobalWidth":null,"Shape_Length":4.6270735884991918}},{"type":"Feature","id":455,"geometry":{"type":"LineString","coordinates":[[80.226736662884591,6.0370700399082082],[80.226697434829433,6.0370556045001624]]},"properties":{"OBJECTID":455,"FID_Polyline":457,"Entity":"Line","Handle":"694","Layer":"DRAIN","LyrFrzn":0,"LyrLock":0,"LyrOn":1,"LyrVPFrzn":0,"LyrHandle":"275","Color":18,"EntColor":18,"LyrColor":7,"BlkColor":0,"Linetype":"A_CONTINUOUS_LINE","EntLinetype":"ByLayer","LyrLnType":"A_CONTINUOUS_LINE","BlkLinetype":"","LTScale":1,"Elevation":0,"Thickness":0,"LineWt":100,"EntLineWt":100,"LyrLineWt":-3,"BlkLineWt":-1,"RefName":"","ExtX":0,"ExtY":0,"ExtZ":1,"DocName":"drain.dwg","DocPath":"C:\\Users\\mrds\\Desktop\\drain.dwg","DocType":"DWG","DocVer":"AC1032","DocUpdate":1747678894000,"DocId":7099799504655880192,"GlobalWidth":null,"Shape_Length":4.6266855579950734}},{"type":"Feature","id":459,"geometry":{"type":"LineString","coordinates":[[80.226775180600058,6.0370865843534594],[80.226736662884591,6.0370700399082082]]},"properties":{"OBJECTID":459,"FID_Polyline":454,"Entity":"Line","Handle":"691","Layer":"DRAIN","LyrFrzn":0,"LyrLock":0,"LyrOn":1,"LyrVPFrzn":0,"LyrHandle":"275","Color":18,"EntColor":18,"LyrColor":7,"BlkColor":0,"Linetype":"A_CONTINUOUS_LINE","EntLinetype":"ByLayer","LyrLnType":"A_CONTINUOUS_LINE","BlkLinetype":"","LTScale":1,"Elevation":0,"Thickness":0,"LineWt":100,"EntLineWt":100,"LyrLineWt":-3,"BlkLineWt":-1,"RefName":"","ExtX":0,"ExtY":0,"ExtZ":1,"DocName":"drain.dwg","DocPath":"C:\\Users\\mrds\\Desktop\\drain.dwg","DocType":"DWG","DocVer":"AC1032","DocUpdate":1747678894000,"DocId":7099799504655880192,"GlobalWidth":null,"Shape_Length":4.6398711919057201}},{"type":"Feature","id":463,"geometry":{"type":"LineString","coordinates":[[80.226808402959463,6.0371049347767078],[80.226821349580675,6.0370834089825394]]},"properties":{"OBJECTID":463,"FID_Polyline":460,"Entity":"Line","Handle":"697","Layer":"DRAIN","LyrFrzn":0,"LyrLock":0,"LyrOn":1,"LyrVPFrzn":0,"LyrHandle":"275","Color":18,"EntColor":18,"LyrColor":7,"BlkColor":0,"Linetype":"A_CONTINUOUS_LINE","EntLinetype":"ByLayer","LyrLnType":"A_CONTINUOUS_LINE","BlkLinetype":"","LTScale":1,"Elevation":0,"Thickness":0,"LineWt":100,"EntLineWt":100,"LyrLineWt":-3,"BlkLineWt":-1,"RefName":"","ExtX":0,"ExtY":0,"ExtZ":1,"DocName":"drain.dwg","DocPath":"C:\\Users\\mrds\\Desktop\\drain.dwg","DocType":"DWG","DocVer":"AC1032","DocUpdate":1747678894000,"DocId":7099799504655880192,"GlobalWidth":null,"Shape_Length":2.7785175696776681}},{"type":"Feature","id":466,"geometry":{"type":"LineString","coordinates":[[80.226832514477607,6.0370774482010532],[80.226914416450953,6.0371272789903836]]},"properties":{"OBJECTID":466,"FID_Polyline":439,"Entity":"Line","Handle":"682","Layer":"DRAIN","LyrFrzn":0,"LyrLock":0,"LyrOn":1,"LyrVPFrzn":0,"LyrHandle":"275","Color":18,"EntColor":18,"LyrColor":7,"BlkColor":0,"Linetype":"A_CONTINUOUS_LINE","EntLinetype":"ByLayer","LyrLnType":"A_CONTINUOUS_LINE","BlkLinetype":"","LTScale":1,"Elevation":0,"Thickness":0,"LineWt":100,"EntLineWt":100,"LyrLineWt":-3,"BlkLineWt":-1,"RefName":"","ExtX":0,"ExtY":0,"ExtZ":1,"DocName":"drain.dwg","DocPath":"C:\\Users\\mrds\\Desktop\\drain.dwg","DocType":"DWG","DocVer":"AC1032","DocUpdate":1747678894000,"DocId":7099799504655880192,"GlobalWidth":null,"Shape_Length":10.609807456610996}},{"type":"Feature","id":473,"geometry":{"type":"LineString","coordinates":[[80.226914416450953,6.0371272789903836],[80.226985356413053,6.0371843422202769]]},"properties":{"OBJECTID":473,"FID_Polyline":464,"Entity":"Line","Handle":"69B","Layer":"DRAIN","LyrFrzn":0,"LyrLock":0,"LyrOn":1,"LyrVPFrzn":0,"LyrHandle":"275","Color":18,"EntColor":18,"LyrColor":7,"BlkColor":0,"Linetype":"A_CONTINUOUS_LINE","EntLinetype":"ByLayer","LyrLnType":"A_CONTINUOUS_LINE","BlkLinetype":"","LTScale":1,"Elevation":0,"Thickness":0,"LineWt":100,"EntLineWt":100,"LyrLineWt":-3,"BlkLineWt":-1,"RefName":"","ExtX":0,"ExtY":0,"ExtZ":1,"DocName":"drain.dwg","DocPath":"C:\\Users\\mrds\\Desktop\\drain.dwg","DocType":"DWG","DocVer":"AC1032","DocUpdate":1747678894000,"DocId":7099799504655880192,"GlobalWidth":null,"Shape_Length":10.07419798808931}},{"type":"Feature","id":474,"geometry":{"type":"LineString","coordinates":[[80.226935025177767,6.0371872032173961],[80.226901207057139,6.0371612451319772]]},"properties":{"OBJECTID":474,"FID_Polyline":465,"Entity":"Line","Handle":"69C","Layer":"DRAIN","LyrFrzn":0,"LyrLock":0,"LyrOn":1,"LyrVPFrzn":0,"LyrHandle":"275","Color":18,"EntColor":18,"LyrColor":7,"BlkColor":0,"Linetype":"A_CONTINUOUS_LINE","EntLinetype":"ByLayer","LyrLnType":"A_CONTINUOUS_LINE","BlkLinetype":"","LTScale":1,"Elevation":0,"Thickness":0,"LineWt":100,"EntLineWt":100,"LyrLineWt":-3,"BlkLineWt":-1,"RefName":"","ExtX":0,"ExtY":0,"ExtZ":1,"DocName":"drain.dwg","DocPath":"C:\\Users\\mrds\\Desktop\\drain.dwg","DocType":"DWG","DocVer":"AC1032","DocUpdate":1747678894000,"DocId":7099799504655880192,"GlobalWidth":null,"Shape_Length":4.7175184639267504}},{"type":"Feature","id":477,"geometry":{"type":"LineString","coordinates":[[80.226967673988327,6.0372144523796543],[80.226935025177767,6.0371872032173961]]},"properties":{"OBJECTID":477,"FID_Polyline":466,"Entity":"Line","Handle":"69D","Layer":"DRAIN","LyrFrzn":0,"LyrLock":0,"LyrOn":1,"LyrVPFrzn":0,"LyrHandle":"275","Color":18,"EntColor":18,"LyrColor":7,"BlkColor":0,"Linetype":"A_CONTINUOUS_LINE","EntLinetype":"ByLayer","LyrLnType":"A_CONTINUOUS_LINE","BlkLinetype":"","LTScale":1,"Elevation":0,"Thickness":0,"LineWt":100,"EntLineWt":100,"LyrLineWt":-3,"BlkLineWt":-1,"RefName":"","ExtX":0,"ExtY":0,"ExtZ":1,"DocName":"drain.dwg","DocPath":"C:\\Users\\mrds\\Desktop\\drain.dwg","DocType":"DWG","DocVer":"AC1032","DocUpdate":1747678894000,"DocId":7099799504655880192,"GlobalWidth":null,"Shape_Length":4.7055872579131739}},{"type":"Feature","id":480,"geometry":{"type":"LineString","coordinates":[[80.226998541254517,6.0372436639033831],[80.226967673988327,6.0372144523796543]]},"properties":{"OBJECTID":480,"FID_Polyline":463,"Entity":"Line","Handle":"69A","Layer":"DRAIN","LyrFrzn":0,"LyrLock":0,"LyrOn":1,"LyrVPFrzn":0,"LyrHandle":"275","Color":18,"EntColor":18,"LyrColor":7,"BlkColor":0,"Linetype":"A_CONTINUOUS_LINE","EntLinetype":"ByLayer","LyrLnType":"A_CONTINUOUS_LINE","BlkLinetype":"","LTScale":1,"Elevation":0,"Thickness":0,"LineWt":100,"EntLineWt":100,"LyrLineWt":-3,"BlkLineWt":-1,"RefName":"","ExtX":0,"ExtY":0,"ExtZ":1,"DocName":"drain.dwg","DocPath":"C:\\Users\\mrds\\Desktop\\drain.dwg","DocType":"DWG","DocVer":"AC1032","DocUpdate":1747678894000,"DocId":7099799504655880192,"GlobalWidth":null,"Shape_Length":4.7022005835468486}},{"type":"Feature","id":483,"geometry":{"type":"LineString","coordinates":[[80.227027021062597,6.0372755117925951],[80.226998541254517,6.0372436639033831]]},"properties":{"OBJECTID":483,"FID_Polyline":467,"Entity":"Line","Handle":"69E","Layer":"DRAIN","LyrFrzn":0,"LyrLock":0,"LyrOn":1,"LyrVPFrzn":0,"LyrHandle":"275","Color":18,"EntColor":18,"LyrColor":7,"BlkColor":0,"Linetype":"A_CONTINUOUS_LINE","EntLinetype":"ByLayer","LyrLnType":"A_CONTINUOUS_LINE","BlkLinetype":"","LTScale":1,"Elevation":0,"Thickness":0,"LineWt":100,"EntLineWt":100,"LyrLineWt":-3,"BlkLineWt":-1,"RefName":"","ExtX":0,"ExtY":0,"ExtZ":1,"DocName":"drain.dwg","DocPath":"C:\\Users\\mrds\\Desktop\\drain.dwg","DocType":"DWG","DocVer":"AC1032","DocUpdate":1747678894000,"DocId":7099799504655880192,"GlobalWidth":null,"Shape_Length":4.7268145357973657}},{"type":"Feature","id":491,"geometry":{"type":"LineString","coordinates":[[80.227081654706723,6.037358807972967],[80.227056527505084,6.0373158757138405]]},"properties":{"OBJECTID":491,"FID_Polyline":469,"Entity":"Line","Handle":"6A0","Layer":"DRAIN","LyrFrzn":0,"LyrLock":0,"LyrOn":1,"LyrVPFrzn":0,"LyrHandle":"275","Color":18,"EntColor":18,"LyrColor":7,"BlkColor":0,"Linetype":"A_CONTINUOUS_LINE","EntLinetype":"ByLayer","LyrLnType":"A_CONTINUOUS_LINE","BlkLinetype":"","LTScale":1,"Elevation":0,"Thickness":0,"LineWt":100,"EntLineWt":100,"LyrLineWt":-3,"BlkLineWt":-1,"RefName":"","ExtX":0,"ExtY":0,"ExtZ":1,"DocName":"drain.dwg","DocPath":"C:\\Users\\mrds\\Desktop\\drain.dwg","DocType":"DWG","DocVer":"AC1032","DocUpdate":1747678894000,"DocId":7099799504655880192,"GlobalWidth":null,"Shape_Length":5.5023815793723365}}]}