{"type":"FeatureCollection","features":[{"type":"Feature","id":1,"geometry":{"type":"LineString","coordinates":[[80.228425938505282,6.0314813934997851],[80.228657005950623,6.0315041869943471]]},"properties":{"OBJECTID":1,"FID_Polyline":3,"Entity":"Line","Handle":"29B","Layer":"Dredging Limit","LyrFrzn":0,"LyrLock":0,"LyrOn":1,"LyrVPFrzn":0,"LyrHandle":"275","Color":4,"EntColor":4,"LyrColor":3,"BlkColor":0,"Linetype":"DASHDOT","EntLinetype":"DASHDOT","LyrLnType":"Continuous","BlkLinetype":"","LTScale":1,"Elevation":0,"Thickness":0,"LineWt":25,"EntLineWt":-1,"LyrLineWt":-3,"BlkLineWt":-1,"RefName":"","ExtX":0,"ExtY":0,"ExtZ":1,"DocName":"Dredging.dwg","DocPath":"D:\\cad\\Dredging.dwg","DocType":"DWG","DocVer":"AC1032","DocUpdate":1747343212000,"DocId":5849670579418674176,"GlobalWidth":null,"Shape_Length":25.703559751147466}},{"type":"Feature","id":2,"geometry":{"type":"LineString","coordinates":[[80.228425938505282,6.0314813934997851],[80.227078501823826,6.0323290889064465]]},"properties":{"OBJECTID":2,"FID_Polyline":2,"Entity":"LWPolyline","Handle":"29A","Layer":"Dredging Limit","LyrFrzn":0,"LyrLock":0,"LyrOn":1,"LyrVPFrzn":0,"LyrHandle":"275","Color":4,"EntColor":4,"LyrColor":3,"BlkColor":0,"Linetype":"DASHDOT","EntLinetype":"DASHDOT","LyrLnType":"Continuous","BlkLinetype":"","LTScale":20,"Elevation":0,"Thickness":0,"LineWt":25,"EntLineWt":-1,"LyrLineWt":-3,"BlkLineWt":-1,"RefName":"","ExtX":0,"ExtY":0,"ExtZ":1,"DocName":"Dredging.dwg","DocPath":"D:\\cad\\Dredging.dwg","DocType":"DWG","DocVer":"AC1032","DocUpdate":1747343212000,"DocId":5849670579418674176,"GlobalWidth":0,"Shape_Length":176.17321769276828}},{"type":"Feature","id":3,"geometry":{"type":"LineString","coordinates":[[80.232358548335398,6.0327352524533637],[80.231963104553174,6.0326679122966986]]},"properties":{"OBJECTID":3,"FID_Polyline":5,"Entity":"Line","Handle":"29D","Layer":"Dredging Limit","LyrFrzn":0,"LyrLock":0,"LyrOn":1,"LyrVPFrzn":0,"LyrHandle":"275","Color":4,"EntColor":4,"LyrColor":3,"BlkColor":0,"Linetype":"DASHDOT","EntLinetype":"DASHDOT","LyrLnType":"Continuous","BlkLinetype":"","LTScale":20,"Elevation":0,"Thickness":0,"LineWt":25,"EntLineWt":-1,"LyrLineWt":-3,"BlkLineWt":-1,"RefName":"","ExtX":0,"ExtY":0,"ExtZ":1,"DocName":"Dredging.dwg","DocPath":"D:\\cad\\Dredging.dwg","DocType":"DWG","DocVer":"AC1032","DocUpdate":1747343212000,"DocId":5849670579418674176,"GlobalWidth":null,"Shape_Length":44.405209043727524}},{"type":"Feature","id":4,"geometry":{"type":"LineString","coordinates":[[80.231963104553174,6.0326679122966986],[80.231866236681498,6.0332379859545027]]},"properties":{"OBJECTID":4,"FID_Polyline":6,"Entity":"Line","Handle":"29E","Layer":"Dredging Limit","LyrFrzn":0,"LyrLock":0,"LyrOn":1,"LyrVPFrzn":0,"LyrHandle":"275","Color":4,"EntColor":4,"LyrColor":3,"BlkColor":0,"Linetype":"DASHDOT","EntLinetype":"DASHDOT","LyrLnType":"Continuous","BlkLinetype":"","LTScale":20,"Elevation":0,"Thickness":0,"LineWt":25,"EntLineWt":-1,"LyrLineWt":-3,"BlkLineWt":-1,"RefName":"","ExtX":0,"ExtY":0,"ExtZ":1,"DocName":"Dredging.dwg","DocPath":"D:\\cad\\Dredging.dwg","DocType":"DWG","DocVer":"AC1032","DocUpdate":1747343212000,"DocId":5849670579418674176,"GlobalWidth":null,"Shape_Length":63.945068990967989}},{"type":"Feature","id":5,"geometry":{"type":"LineString","coordinates":[[80.227002964915641,6.0342008830623719],[80.227078501823826,6.0323290889064465]]},"properties":{"OBJECTID":5,"FID_Polyline":4,"Entity":"Line","Handle":"29C","Layer":"Dredging Limit","LyrFrzn":0,"LyrLock":0,"LyrOn":1,"LyrVPFrzn":0,"LyrHandle":"275","Color":4,"EntColor":4,"LyrColor":3,"BlkColor":0,"Linetype":"DASHDOT","EntLinetype":"DASHDOT","LyrLnType":"Continuous","BlkLinetype":"","LTScale":20,"Elevation":0,"Thickness":0,"LineWt":25,"EntLineWt":-1,"LyrLineWt":-3,"BlkLineWt":-1,"RefName":"","ExtX":0,"ExtY":0,"ExtZ":1,"DocName":"Dredging.dwg","DocPath":"D:\\cad\\Dredging.dwg","DocType":"DWG","DocVer":"AC1032","DocUpdate":1747343212000,"DocId":5849670579418674176,"GlobalWidth":null,"Shape_Length":207.15450925962807}},{"type":"Feature","id":6,"geometry":{"type":"LineString","coordinates":[[80.227002964915641,6.0342008830623719],[80.227681438834423,6.0336413978446393],[80.227826145303055,6.0335421762858905],[80.228024909783116,6.0335244388428757],[80.228151232185482,6.0336060483123806],[80.228196146371474,6.0337508160087037],[80.23140243699136,6.0340548367886679],[80.231778734090838,6.0321069691337259]]},"properties":{"OBJECTID":6,"FID_Polyline":2,"Entity":"LWPolyline","Handle":"29A","Layer":"Dredging Limit","LyrFrzn":0,"LyrLock":0,"LyrOn":1,"LyrVPFrzn":0,"LyrHandle":"275","Color":4,"EntColor":4,"LyrColor":3,"BlkColor":0,"Linetype":"DASHDOT","EntLinetype":"DASHDOT","LyrLnType":"Continuous","BlkLinetype":"","LTScale":20,"Elevation":0,"Thickness":0,"LineWt":25,"EntLineWt":-1,"LyrLineWt":-3,"BlkLineWt":-1,"RefName":"","ExtX":0,"ExtY":0,"ExtZ":1,"DocName":"Dredging.dwg","DocPath":"D:\\cad\\Dredging.dwg","DocType":"DWG","DocVer":"AC1032","DocUpdate":1747343212000,"DocId":5849670579418674176,"GlobalWidth":0,"Shape_Length":748.14164661203472}},{"type":"Feature","id":8,"geometry":{"type":"LineString","coordinates":[[80.227078520787288,6.032329095255788],[80.226915905158165,6.0323378547357862],[80.226753481159946,6.0322380951777603],[80.226690453745476,6.0321204248722537],[80.226663608347749,6.0319756871092576],[80.226736157618319,6.0318130386258169],[80.226267694268671,6.0310887686424195],[80.225778213550342,6.028304144618426]]},"properties":{"OBJECTID":8,"FID_Polyline":2,"Entity":"LWPolyline","Handle":"29A","Layer":"Dredging Limit","LyrFrzn":0,"LyrLock":0,"LyrOn":1,"LyrVPFrzn":0,"LyrHandle":"275","Color":4,"EntColor":4,"LyrColor":3,"BlkColor":0,"Linetype":"DASHDOT","EntLinetype":"DASHDOT","LyrLnType":"Continuous","BlkLinetype":"","LTScale":20,"Elevation":0,"Thickness":0,"LineWt":25,"EntLineWt":-1,"LyrLineWt":-3,"BlkLineWt":-1,"RefName":"","ExtX":0,"ExtY":0,"ExtZ":1,"DocName":"Dredging.dwg","DocPath":"D:\\cad\\Dredging.dwg","DocType":"DWG","DocVer":"AC1032","DocUpdate":1747343212000,"DocId":5849670579418674176,"GlobalWidth":0,"Shape_Length":497.93808006068986}},{"type":"Feature","id":15,"geometry":{"type":"LineString","coordinates":[[80.2261438979194,6.0347691272826731],[80.226424925682466,6.03419990168761]]},"properties":{"OBJECTID":15,"FID_Polyline":2,"Entity":"LWPolyline","Handle":"29A","Layer":"Dredging Limit","LyrFrzn":0,"LyrLock":0,"LyrOn":1,"LyrVPFrzn":0,"LyrHandle":"275","Color":4,"EntColor":4,"LyrColor":3,"BlkColor":0,"Linetype":"DASHDOT","EntLinetype":"DASHDOT","LyrLnType":"Continuous","BlkLinetype":"","LTScale":20,"Elevation":0,"Thickness":0,"LineWt":25,"EntLineWt":-1,"LyrLineWt":-3,"BlkLineWt":-1,"RefName":"","ExtX":0,"ExtY":0,"ExtZ":1,"DocName":"Dredging.dwg","DocPath":"D:\\cad\\Dredging.dwg","DocType":"DWG","DocVer":"AC1032","DocUpdate":1747343212000,"DocId":5849670579418674176,"GlobalWidth":0,"Shape_Length":70.214094677291612}},{"type":"Feature","id":17,"geometry":{"type":"LineString","coordinates":[[80.224198566377893,6.0331674052122715],[80.224200974949056,6.0331760230292701]]},"properties":{"OBJECTID":17,"FID_Polyline":2,"Entity":"LWPolyline","Handle":"29A","Layer":"Dredging Limit","LyrFrzn":0,"LyrLock":0,"LyrOn":1,"LyrVPFrzn":0,"LyrHandle":"275","Color":4,"EntColor":4,"LyrColor":3,"BlkColor":0,"Linetype":"DASHDOT","EntLinetype":"DASHDOT","LyrLnType":"Continuous","BlkLinetype":"","LTScale":20,"Elevation":0,"Thickness":0,"LineWt":25,"EntLineWt":-1,"LyrLineWt":-3,"BlkLineWt":-1,"RefName":"","ExtX":0,"ExtY":0,"ExtZ":1,"DocName":"Dredging.dwg","DocPath":"D:\\cad\\Dredging.dwg","DocType":"DWG","DocVer":"AC1032","DocUpdate":1747343212000,"DocId":5849670579418674176,"GlobalWidth":0,"Shape_Length":0.98956912183446255}},{"type":"Feature","id":18,"geometry":{"type":"LineString","coordinates":[[80.224200993009163,6.0331760293777918],[80.224202199096354,6.0331803432618383]]},"properties":{"OBJECTID":18,"FID_Polyline":2,"Entity":"LWPolyline","Handle":"29A","Layer":"Dredging Limit","LyrFrzn":0,"LyrLock":0,"LyrOn":1,"LyrVPFrzn":0,"LyrHandle":"275","Color":4,"EntColor":4,"LyrColor":3,"BlkColor":0,"Linetype":"DASHDOT","EntLinetype":"DASHDOT","LyrLnType":"Continuous","BlkLinetype":"","LTScale":20,"Elevation":0,"Thickness":0,"LineWt":25,"EntLineWt":-1,"LyrLineWt":-3,"BlkLineWt":-1,"RefName":"","ExtX":0,"ExtY":0,"ExtZ":1,"DocName":"Dredging.dwg","DocPath":"D:\\cad\\Dredging.dwg","DocType":"DWG","DocVer":"AC1032","DocUpdate":1747343212000,"DocId":5849670579418674176,"GlobalWidth":0,"Shape_Length":0.49536815603705858}},{"type":"Feature","id":23,"geometry":{"type":"LineString","coordinates":[[80.225547417493502,6.0349308579599992],[80.2261438979194,6.0347691272826731]]},"properties":{"OBJECTID":23,"FID_Polyline":2,"Entity":"LWPolyline","Handle":"29A","Layer":"Dredging Limit","LyrFrzn":0,"LyrLock":0,"LyrOn":1,"LyrVPFrzn":0,"LyrHandle":"275","Color":4,"EntColor":4,"LyrColor":3,"BlkColor":0,"Linetype":"DASHDOT","EntLinetype":"DASHDOT","LyrLnType":"Continuous","BlkLinetype":"","LTScale":20,"Elevation":0,"Thickness":0,"LineWt":25,"EntLineWt":-1,"LyrLineWt":-3,"BlkLineWt":-1,"RefName":"","ExtX":0,"ExtY":0,"ExtZ":1,"DocName":"Dredging.dwg","DocPath":"D:\\cad\\Dredging.dwg","DocType":"DWG","DocVer":"AC1032","DocUpdate":1747343212000,"DocId":5849670579418674176,"GlobalWidth":0,"Shape_Length":68.410438937617513}},{"type":"Feature","id":24,"geometry":{"type":"LineString","coordinates":[[80.226424925682466,6.03419990168761],[80.227003055216542,6.0342009148045088]]},"properties":{"OBJECTID":24,"FID_Polyline":2,"Entity":"LWPolyline","Handle":"29A","Layer":"Dredging Limit","LyrFrzn":0,"LyrLock":0,"LyrOn":1,"LyrVPFrzn":0,"LyrHandle":"275","Color":4,"EntColor":4,"LyrColor":3,"BlkColor":0,"Linetype":"DASHDOT","EntLinetype":"DASHDOT","LyrLnType":"Continuous","BlkLinetype":"","LTScale":20,"Elevation":0,"Thickness":0,"LineWt":25,"EntLineWt":-1,"LyrLineWt":-3,"BlkLineWt":-1,"RefName":"","ExtX":0,"ExtY":0,"ExtZ":1,"DocName":"Dredging.dwg","DocPath":"D:\\cad\\Dredging.dwg","DocType":"DWG","DocVer":"AC1032","DocUpdate":1747343212000,"DocId":5849670579418674176,"GlobalWidth":0,"Shape_Length":64.00001755280978}}]}