{"type":"FeatureCollection","features":[{"type":"Feature","id":62,"geometry":{"type":"LineString","coordinates":[[80.230283064364059,6.0343003005156683],[80.231759638628304,6.0344417691503844],[80.23173806076187,6.0346017384331674],[80.231391136292601,6.034567860687754]]},"properties":{"OBJECTID":62,"FID_Polyline":null,"Entity":null,"Handle":null,"Layer":null,"LyrFrzn":null,"LyrLock":null,"LyrOn":null,"LyrVPFrzn":null,"LyrHandle":null,"Color":null,"EntColor":null,"LyrColor":null,"BlkColor":null,"Linetype":null,"EntLinetype":null,"LyrLnType":null,"BlkLinetype":null,"LTScale":null,"Elevation":null,"Thickness":null,"LineWt":null,"EntLineWt":null,"LyrLineWt":null,"BlkLineWt":null,"RefName":null,"ExtX":null,"ExtY":null,"ExtZ":null,"DocName":null,"DocPath":null,"DocType":null,"DocVer":null,"DocUpdate":null,"DocId":null,"GlobalWidth":null,"Shape_Length":220.64351213896884}}]}